,name,github_id,category,description,resource,homepage,contributor_count,github_url,license,created_at,updated_at,fork_count,open_issue_count,star_count,projectrank,show,pypi_id,conda_id,labels,dependent_project_count,github_dependent_project_count,pypi_url,pypi_latest_release_published_at,latest_stable_release_published_at,latest_stable_release_number,release_count,pypi_dependent_project_count,pypi_monthly_downloads,monthly_downloads,conda_url,conda_latest_release_published_at,conda_total_downloads,projectrank_placing,dockerhub_id,dockerhub_url,dockerhub_latest_release_published_at,dockerhub_stars,dockerhub_pulls,trending,last_commit_pushed_at,commit_count,watchers_count,pr_count,closed_issue_count,github_release_downloads,npm_id,npm_url,npm_latest_release_published_at,npm_dependent_project_count,npm_monthly_downloads,cargo_id,cargo_url,cargo_latest_release_published_at,cargo_dependent_project_count,updated_github_id,conda_forge
0,best-of-web-python - Testing,ml-tooling/best-of-web-python,testing,Testing libraries & tools for python web frameworks.,True,https://github.com/ml-tooling/best-of-web-python,17.0,https://github.com/ml-tooling/best-of-web-python,CC-BY-SA-4.0,2021-01-05 13:09:27.000,2025-10-09 17:36:28.000000,192.0,3.0,2617.0,0,True,,,,,,,,,,,,,,,,,,,,,,,,,,,,,,,,,,,,,,,,
1,best-of-mkdocs,pawamoy/best-of-mkdocs,documentation,Collection of MkDocs projects and plugins.,True,{},63.0,,,,,,,,0,True,,,,,,,,,,,,,,,,,,,,,,,,,,,,,,,,,,,,,,,,
2,Python.org Packaging,,packaging,An Overview of Packaging for Python.,True,https://packaging.python.org/overview/,,,,,,,,,0,True,,,,,,,,,,,,,,,,,,,,,,,,,,,,,,,,,,,,,,,,
3,unittest,,testing,Unittest is a test framework included in the Python standard library.,True,https://docs.python.org/3/library/unittest.html,,,,,,,,,0,True,,,,,,,,,,,,,,,,,,,,,,,,,,,,,,,,,,,,,,,,
4,pytest,pytest-dev/pytest,testing,"The pytest framework makes it easy to write small tests, yet scales to support complex functional testing.",,https://github.com/pytest-dev/pytest,1168.0,https://github.com/pytest-dev/pytest,MIT,2015-06-15 20:28:27.000,2026-09-28 04:59:29.000000,3426.0,840.0,14545.0,39,True,pytest,conda-forge/pytest,['pytest'],2090545.0,1898573.0,https://pypi.org/project/pytest,2026-06-19 10:58:31.000,2026-06-19 10:58:31.000,9.1.1,192.0,191972.0,765325437.0,766137852.0,https://anaconda.org/conda-forge/pytest,2026-06-22 11:24:21.473,58493907.0,1.0,,,,,,,,,,,,,,,,,,,,,,,
5,tqdm,tqdm/tqdm,logging,"A Fast, Extensible Progress Bar for Python and CLI.",,https://github.com/tqdm/tqdm,150.0,https://github.com/tqdm/tqdm,MPL-2.0,2015-06-03 13:13:14.000,2026-09-26 01:32:13.007270,1937.0,626.0,31344.0,37,True,tqdm,conda-forge/tqdm,,1293261.0,1233042.0,https://pypi.org/project/tqdm,2026-09-11 07:25:14.000,2026-09-11 07:25:14.000,4.70.1,153.0,60219.0,400995469.0,401768586.0,https://anaconda.org/conda-forge/tqdm,2026-09-12 04:29:28.369,58751623.0,1.0,tqdm/tqdm,https://hub.docker.com/r/tqdm/tqdm,2026-09-26 01:32:13.007270,3.0,9608.0,,,,,,,,,,,,,,,,,,
6,black,psf/black,formatters,The uncompromising Python code formatter.,,https://github.com/psf/black,576.0,https://github.com/psf/black,MIT,2018-03-14 19:54:45.000,2026-08-10 21:24:42.000000,2841.0,299.0,41792.0,36,True,black,conda-forge/black,,758217.0,692490.0,https://pypi.org/project/black,2026-05-18 16:53:33.000,2026-05-18 16:53:33.000,26.5.1,74.0,65727.0,112323589.0,112589675.0,https://anaconda.org/conda-forge/black,2026-05-22 14:44:05.181,19956484.0,1.0,,,,,,,,,,,,,,,,,,,,,,,
7,psutil,giampaolo/psutil,profiling,Cross-platform lib for process and system monitoring in Python.,,https://github.com/giampaolo/psutil,258.0,https://github.com/giampaolo/psutil,BSD-3-Clause,2014-05-23 14:01:48.000,2026-09-17 21:58:37.210000,1513.0,257.0,11273.0,36,True,psutil,conda-forge/psutil,,830057.0,810435.0,https://pypi.org/project/psutil,2026-01-28 18:14:57.000,2026-01-28 18:14:57.000,7.2.2,104.0,19622.0,276531906.0,277508863.0,https://anaconda.org/conda-forge/psutil,2026-09-17 21:58:37.210,73271834.0,1.0,,,,,,,,,,,,,,,,,,,,,,,
8,pip,pypa/pip,dependency-managers,The Python package installer.,,https://github.com/pypa/pip,906.0,https://github.com/pypa/pip,MIT,2011-03-06 14:30:46.000,2026-08-23 18:57:52.000000,3360.0,946.0,10271.0,36,True,pip,conda-forge/pip,,263405.0,257134.0,https://pypi.org/project/pip,2026-08-04 22:51:12.000,2026-08-04 22:51:12.000,26.2.1,160.0,6271.0,405393089.0,408795178.0,https://anaconda.org/conda-forge/pip,2026-08-05 07:22:12.178,261960907.0,1.0,,,,,,,,,,,,,,,,,,,,,,,
9,virtualenv,pypa/virtualenv,virtual-envs,Virtual Python Environment builder.,,https://github.com/pypa/virtualenv,323.0,https://github.com/pypa/virtualenv,MIT,2011-03-06 14:33:27.000,2026-10-01 09:50:49.380000,1122.0,,5050.0,36,True,virtualenv,conda-forge/virtualenv,,519255.0,517005.0,https://pypi.org/project/virtualenv,2026-10-01 06:22:44.000,2026-10-01 06:22:44.000,21.14.2,301.0,2250.0,239724023.0,240073082.0,https://anaconda.org/conda-forge/virtualenv,2026-10-01 09:50:49.380,25132315.0,1.0,,,,,,,,,,,,,,,,,,,,,,,
10,setuptools,pypa/setuptools,build-tools,Official project repository for the Setuptools build system.,,https://github.com/pypa/setuptools,653.0,https://github.com/pypa/setuptools,MIT,2016-03-29 14:02:33.000,2026-09-08 15:16:14.000000,1429.0,699.0,2856.0,36,True,setuptools,conda-forge/setuptools,,912728.0,877985.0,https://pypi.org/project/setuptools,2026-08-08 18:27:56.000,2026-08-08 18:27:56.000,84.0.0,633.0,34743.0,956149338.0,959225409.0,https://anaconda.org/conda-forge/setuptools,2026-08-09 13:46:58.683,236857516.0,1.0,,,,,,,,,,,,,,,,,,,,,,,
11,rich,Textualize/rich,logging,Rich is a Python library for rich text and beautiful formatting in the terminal.,,https://github.com/Textualize/rich,290.0,https://github.com/Textualize/rich,MIT,2019-11-10 15:28:09.000,2026-06-23 03:10:19.000000,2381.0,379.0,57451.0,35,True,rich,conda-forge/rich,,617130.0,573362.0,https://pypi.org/project/rich,2026-04-12 08:24:02.000,2026-04-12 08:24:02.000,15.0.0,207.0,43768.0,435672641.0,436040898.0,https://anaconda.org/conda-forge/rich,2026-04-12 11:02:00.080,27619312.0,1.0,,,,,,-1.0,,,,,,,,,,,,,,,,,
12,ruff,charliermarsh/ruff,linters,"An extremely fast Python linter and code formatter, written in Rust.",,https://docs.astral.sh/ruff,982.0,,MIT,2022-11-30 10:02:13.208,2026-10-01 18:02:36.000000,2458.0,,49870.0,35,True,ruff,conda-forge/ruff,,343138.0,245032.0,https://pypi.org/project/ruff,2026-10-01 18:02:36.000,2026-10-01 18:02:36.000,0.16.10,426.0,98106.0,286937550.0,287139035.0,https://anaconda.org/conda-forge/ruff,2026-09-25 00:33:40.547,9469838.0,1.0,,,,,,,,,,,,,,,,,,,,,,,
13,mkdocs-material,squidfunk/mkdocs-material,documentation,Documentation that simply works.,,https://github.com/squidfunk/mkdocs-material,334.0,https://github.com/squidfunk/mkdocs-material,MIT,2016-01-28 22:09:23.000,2026-08-09 08:59:52.000000,4133.0,1.0,27255.0,34,True,mkdocs-material,conda-forge/mkdocs-material,['mkdocs'],109399.0,94819.0,https://pypi.org/project/mkdocs-material,2026-07-17 16:21:30.000,2026-07-17 16:21:30.000,9.7.7,442.0,14580.0,11794406.0,11810125.0,https://anaconda.org/conda-forge/mkdocs-material,2026-07-18 12:55:48.349,1210404.0,1.0,,,,,,,,,,,,,,,,,,,,,,,
14,pipenv,pypa/pipenv,virtual-envs,Python Development Workflow for Humans.,,https://github.com/pypa/pipenv,548.0,https://github.com/pypa/pipenv,MIT,2017-01-20 00:44:02.000,2026-08-20 21:12:21.871000,1877.0,13.0,25039.0,34,True,pipenv,conda-forge/pipenv,,174666.0,174406.0,https://pypi.org/project/pipenv,2026-08-20 20:03:55.000,2026-08-20 20:03:55.000,2026.8.0,421.0,260.0,11799242.0,11804120.0,https://anaconda.org/conda-forge/pipenv,2026-08-20 21:12:21.871,375645.0,2.0,,,,,,,,,,,,,,,,,,,,,,,
15,mypy,python/mypy,type-checkers,Optional static typing for Python.,,https://github.com/python/mypy,870.0,https://github.com/python/mypy,,2012-12-07 13:30:23.000,2026-09-21 17:16:54.476000,3273.0,3179.0,20594.0,34,False,mypy,conda-forge/mypy,,478729.0,401579.0,https://pypi.org/project/mypy,2026-08-15 03:01:53.000,2026-08-15 03:01:53.000,2.3.1,141.0,77150.0,152012445.0,152130111.0,https://anaconda.org/conda-forge/mypy,2026-09-21 17:16:54.476,8942688.0,1.0,,,,,,,,,,,,,,,,,,,,,,,
16,pre-commit,pre-commit/pre-commit,others,A framework for managing and maintaining multi-language pre-commit hooks.,,https://github.com/pre-commit/pre-commit,167.0,https://github.com/pre-commit/pre-commit,MIT,2014-03-13 00:39:38.000,2026-08-17 23:37:08.000000,1000.0,26.0,15542.0,34,True,pre-commit,conda-forge/pre-commit,,330986.0,293062.0,https://pypi.org/project/pre-commit,2026-08-10 22:07:16.000,2026-08-10 22:07:16.000,4.6.2,204.0,37924.0,153012138.0,153180119.0,https://anaconda.org/conda-forge/pre-commit,2026-08-11 00:33:10.928,11758682.0,1.0,,,,,,,,,,,,,,,,,,,,,,,
17,isort,PyCQA/isort,formatters,A Python utility / library to sort imports.,,https://github.com/PyCQA/isort,363.0,https://github.com/PyCQA/isort,MIT,2013-09-02 22:22:53.000,2026-09-28 20:13:58.511000,699.0,89.0,6956.0,34,True,isort,conda-forge/isort,,616848.0,587134.0,https://pypi.org/project/isort,2026-09-28 19:20:58.000,2026-09-28 19:20:58.000,9.0.2,160.0,29714.0,88543997.0,88681532.0,https://anaconda.org/conda-forge/isort,2026-09-28 20:13:58.511,10315199.0,2.0,,,,,,,,,,,,,,,,,,,,,,,
18,flake8,PyCQA/flake8,linters,Flake8 is a wrapper around these tools: PyFlakes; pycodestyle; Ned Batchelders McCabe script.,,https://github.com/PyCQA/flake8,178.0,https://github.com/PyCQA/flake8,MIT,2014-09-13 17:06:24.000,2026-09-25 21:47:12.001000,360.0,23.0,3824.0,34,True,flake8,conda-forge/flake8,,740326.0,695984.0,https://pypi.org/project/flake8,2026-09-23 12:21:58.000,2026-09-23 12:21:58.000,7.4.1,96.0,44342.0,39280732.0,39432389.0,https://anaconda.org/conda-forge/flake8,2026-09-25 21:47:12.001,11677627.0,1.0,,,,,,,,,,,,,,,,,,,,,,,
19,mkdocs,mkdocs/mkdocs,documentation,Project documentation with Markdown.,,https://github.com/mkdocs/mkdocs,262.0,https://github.com/mkdocs/mkdocs,BSD-2-Clause,2014-01-11 21:05:21.000,2026-09-15 11:08:05.000000,2645.0,189.0,22434.0,33,True,mkdocs,conda-forge/mkdocs,['mkdocs'],123101.0,108754.0,https://pypi.org/project/mkdocs,2026-09-15 11:08:05.000,2024-08-30 12:24:05.000,1.6.1,69.0,14347.0,13099297.0,13119566.0,https://anaconda.org/conda-forge/mkdocs,2025-04-22 14:56:22.183,1297238.0,1.0,,,,,,,,,,,,,,,,,,,,,,,
20,playwright-python,microsoft/playwright-python,testing,Python version of the Playwright testing and automation library.,,https://github.com/microsoft/playwright-python,59.0,https://github.com/microsoft/playwright-python,Apache-2.0,2020-07-01 15:28:13.000,2026-09-15 16:50:06.000000,1222.0,15.0,15003.0,33,True,playwright,,,71856.0,63433.0,https://pypi.org/project/playwright,2026-09-15 16:49:06.000,2026-09-15 16:49:06.000,1.63.0,132.0,8423.0,89582783.0,89582783.0,,,,1.0,,,,,,,,,,,,,,,,,,,,,,,
21,pyinstaller,pyinstaller/pyinstaller,packaging,Freeze (package) Python programs into stand-alone executables.,,https://github.com/pyinstaller/pyinstaller,501.0,https://github.com/pyinstaller/pyinstaller,GPL-2.0,2011-11-23 11:05:56.000,2026-09-30 16:39:55.680000,2029.0,289.0,13093.0,33,True,pyinstaller,conda-forge/pyinstaller,,94621.0,91819.0,https://pypi.org/project/pyinstaller,2026-09-12 21:53:01.000,2026-09-12 21:53:01.000,6.22.3,77.0,2802.0,10676586.0,10707419.0,https://anaconda.org/conda-forge/pyinstaller,2026-09-30 16:39:55.680,2127479.0,1.0,,,,,,,,,,,,,,,,,,,,,,,
22,hypothesis,HypothesisWorks/hypothesis,testing,The property-based testing library for Python.,,https://github.com/HypothesisWorks/hypothesis,428.0,https://github.com/HypothesisWorks/hypothesis,MPL-2.0,2013-03-10 13:51:19.000,2026-09-28 08:17:28.910000,681.0,48.0,9029.0,33,True,hypothesis,conda-forge/hypothesis,,56309.0,47079.0,https://pypi.org/project/hypothesis,2026-09-28 05:18:42.000,2026-09-28 05:18:42.000,6.168.3,1572.0,9230.0,49718242.0,50002010.0,https://anaconda.org/conda-forge/hypothesis,2026-09-28 08:17:28.910,21850153.0,1.0,,,,,,,,,,,,,,,,,,,,,,,
23,jedi,davidhalter/jedi,refactoring,"Awesome autocompletion, static analysis and refactoring library for python.",,https://github.com/davidhalter/jedi,184.0,https://github.com/davidhalter/jedi,MIT,2012-02-19 23:12:30.000,2026-06-23 21:59:49.043000,530.0,72.0,6138.0,33,True,jedi,conda-forge/jedi,,607403.0,605802.0,https://pypi.org/project/jedi,2026-05-01 23:38:43.000,2026-05-01 23:38:43.000,0.20.0,36.0,1601.0,93299532.0,93869936.0,https://anaconda.org/conda-forge/jedi,2026-06-23 21:59:49.043,43350730.0,1.0,,,,,,,,,,,,,,,,,,,,,,,
24,pylint,PyCQA/pylint,linters,python code static checker.,,https://github.com/pylint-dev/pylint,696.0,,GPL-2.0,2020-06-17 14:34:01.091,2026-09-30 14:04:14.302000,1358.0,,5726.0,33,True,pylint,conda-forge/pylint,,509541.0,495674.0,https://pypi.org/project/pylint,2026-09-29 21:11:11.000,2026-09-29 21:11:11.000,4.1.1,217.0,13867.0,37692772.0,37809896.0,https://anaconda.org/conda-forge/pylint,2026-09-30 14:04:14.302,8901483.0,1.0,,,,,,,,,,,,,,,,,,,,,,,
25,pytest-asyncio,pytest-dev/pytest-asyncio,testing,Asyncio support for pytest.,,https://github.com/pytest-dev/pytest-asyncio,82.0,https://github.com/pytest-dev/pytest-asyncio,Apache-2.0,2015-04-11 00:18:05.000,2026-09-23 21:55:32.000000,211.0,51.0,1663.0,33,True,pytest-asyncio,conda-forge/pytest-asyncio,['pytest'],271580.0,230337.0,https://pypi.org/project/pytest-asyncio,2026-05-26 09:56:02.000,2026-05-26 09:56:02.000,1.4.0,76.0,41243.0,215889541.0,215946319.0,https://anaconda.org/conda-forge/pytest-asyncio,2026-05-26 13:34:51.646,4371916.0,1.0,,,,,,,,,,,,,,,,,,,,,,,
26,wheel,pypa/wheel,build-tools,The official binary distribution format for Python.,,https://github.com/pypa/wheel,93.0,https://github.com/pypa/wheel,MIT,2017-07-25 20:24:25.000,2026-08-13 09:27:29.701000,187.0,7.0,569.0,33,True,wheel,conda-forge/wheel,,410357.0,393545.0,https://pypi.org/project/wheel,2026-08-11 22:02:26.000,2026-08-11 22:02:26.000,0.48.0,87.0,16812.0,354512271.0,357189729.0,https://anaconda.org/conda-forge/wheel,2026-08-13 09:27:29.701,198131936.0,1.0,,,,,,,,,,,,,,,,,,,,,,,
27,poetry,python-poetry/poetry,dependency-managers,Python packaging and dependency management made easy.,,https://github.com/python-poetry/poetry,685.0,https://github.com/python-poetry/poetry,MIT,2018-02-28 15:23:47.000,2026-09-28 22:20:09.000000,2521.0,584.0,34305.0,32,True,poetry,conda-forge/poetry,,939.0,,https://pypi.org/project/poetry,2026-09-20 07:18:33.000,2026-09-20 07:18:33.000,2.5.1,192.0,939.0,40875999.0,40988453.0,https://anaconda.org/conda-forge/poetry,2026-09-23 05:50:50.912,8546569.0,1.0,,,,,,,,,,,,,,,,,,,,,,,
28,loguru,Delgan/loguru,logging,Python logging made (stupidly) simple.,,https://github.com/Delgan/loguru,80.0,https://github.com/Delgan/loguru,MIT,2017-08-15 17:22:32.000,2026-08-30 17:08:10.000000,814.0,255.0,24099.0,32,True,loguru,conda-forge/loguru,,174992.0,158854.0,https://pypi.org/project/loguru,2024-12-06 11:20:54.000,2024-12-06 11:20:54.000,0.7.3,22.0,16138.0,64918625.0,64985603.0,https://anaconda.org/conda-forge/loguru,2026-01-16 11:15:00.482,5157374.0,1.0,,,,,,,,,,,,,,,,,,,,,,,
29,tox,tox-dev/tox,testing,Command line driven CI frontend and development task automation tool.,,https://github.com/tox-dev/tox,374.0,https://github.com/tox-dev/tox,MIT,2016-09-17 16:54:22.000,2026-10-01 12:55:42.819000,595.0,,3942.0,32,True,tox,conda-forge/tox,['pytest'],151507.0,137638.0,https://pypi.org/project/tox,2026-10-01 07:20:44.000,2026-10-01 07:20:44.000,4.64.6,316.0,13869.0,13867235.0,13894218.0,https://anaconda.org/conda-forge/tox,2026-10-01 12:55:42.819,2077713.0,1.0,,,,,,,,,,,,,,,,,,,,,,,
30,pytest-cov,pytest-dev/pytest-cov,testing,Coverage plugin for pytest.,,https://github.com/pytest-dev/pytest-cov,104.0,https://github.com/pytest-dev/pytest-cov,MIT,2014-04-17 20:01:12.000,2026-09-21 13:00:14.000000,246.0,174.0,2065.0,32,True,pytest-cov,conda-forge/pytest-cov,['pytest'],77890.0,,https://pypi.org/project/pytest-cov,2026-03-21 20:11:14.000,2026-03-21 20:11:14.000,7.1.0,54.0,77890.0,198488029.0,198763909.0,https://anaconda.org/conda-forge/pytest-cov,2026-03-22 00:27:51.180,21242804.0,1.0,,,,,,1.0,,,,,,,,,,,,,,,,,
31,pytest-mock,pytest-dev/pytest-mock,testing,Thin-wrapper around the mock package for easier use with pytest.,,https://github.com/pytest-dev/pytest-mock,90.0,https://github.com/pytest-dev/pytest-mock,MIT,2014-07-17 00:40:32.000,2026-09-27 20:23:18.647000,174.0,10.0,2041.0,32,True,pytest-mock,conda-forge/pytest-mock,['pytest'],160560.0,142365.0,https://pypi.org/project/pytest-mock,2026-09-27 14:57:54.000,2026-09-27 14:57:54.000,3.16.0,67.0,18195.0,82302136.0,82384488.0,https://anaconda.org/conda-forge/pytest-mock,2026-09-27 20:23:18.647,6258819.0,1.0,,,,,,1.0,,,,,,,,,,,,,,,,,
32,nodeenv,ekalinin/nodeenv,virtual-envs,Virtual environment for Node.js & integrator with virtualenv.,,https://github.com/ekalinin/nodeenv,109.0,https://github.com/ekalinin/nodeenv,BSD-3-Clause,2011-03-29 15:28:56.000,2026-09-26 11:29:19.000000,224.0,21.0,1792.0,32,True,nodeenv,conda-forge/nodeenv,,153166.0,152693.0,https://pypi.org/project/nodeenv,2026-09-26 11:29:19.000,2026-09-26 11:29:19.000,1.11.0,76.0,473.0,176351140.0,176488189.0,https://anaconda.org/conda-forge/nodeenv,2025-12-20 20:08:47.195,10415742.0,2.0,,,,,,1.0,,,,,,,,,,,,,,,,,
33,pyflakes,PyCQA/pyflakes,linters,A simple program which checks Python source files for errors.,,https://github.com/PyCQA/pyflakes,88.0,https://github.com/PyCQA/pyflakes,MIT,2014-04-07 06:19:46.000,2026-09-30 23:22:43.165000,194.0,59.0,1462.0,32,True,pyflakes,conda-forge/pyflakes,,338460.0,336822.0,https://pypi.org/project/pyflakes,2026-09-30 19:40:10.000,2026-09-30 19:40:10.000,4.0.1,44.0,1638.0,45838492.0,46007177.0,https://anaconda.org/conda-forge/pyflakes,2026-09-30 23:22:43.165,11301951.0,1.0,,,,,,,,,,,,,,,,,,,,,,,
34,packaging,pypa/packaging,packaging,Core utilities for Python packages.,,https://github.com/pypa/packaging,150.0,https://github.com/pypa/packaging,,2014-05-15 22:49:43.000,2026-08-05 00:02:25.436000,314.0,91.0,746.0,32,False,packaging,conda-forge/packaging,,2033415.0,2012033.0,https://pypi.org/project/packaging,2026-08-04 18:15:27.000,,,54.0,21382.0,1525751848.0,1527439572.0,https://anaconda.org/conda-forge/packaging,2026-08-05 00:02:25.436,129954758.0,1.0,,,,,,,,,,,,,,,,,,,,,,,
35,yapf,google/yapf,formatters,A formatter for Python files.,,https://github.com/google/yapf,156.0,https://github.com/google/yapf,Apache-2.0,2015-03-18 18:22:31.000,2025-10-17 16:01:24.000000,902.0,418.0,13957.0,31,True,yapf,conda-forge/yapf,,109815.0,108559.0,https://pypi.org/project/yapf,2024-11-14 00:11:39.000,2024-11-14 00:11:39.000,0.43.0,75.0,1256.0,5124128.0,5181393.0,https://anaconda.org/conda-forge/yapf,2025-04-22 14:56:24.153,3779507.0,2.0,,,,,,,,,,,,,,,,,,,,,,,
36,pipx,pypa/pipx,dependency-managers,Install and Run Python Applications in Isolated Environments.,,https://github.com/pypa/pipx,223.0,https://github.com/pypa/pipx,MIT,2018-10-06 18:47:46.000,2026-09-29 18:47:26.000000,604.0,,12974.0,31,True,pipx,conda-forge/pipx,,5045.0,4932.0,https://pypi.org/project/pipx,2026-09-29 18:47:26.000,2026-09-29 18:47:26.000,1.17.8,95.0,113.0,3634014.0,3638734.0,https://anaconda.org/conda-forge/pipx,2026-06-05 14:08:56.720,273763.0,2.0,,,,,,,,,,,,,,,,,,,,,,,
37,robotframework,robotframework/robotframework,testing,Generic automation framework for acceptance testing and RPA.,,https://github.com/robotframework/robotframework,237.0,https://github.com/robotframework/robotframework,Apache-2.0,2014-06-27 11:10:38.000,2026-09-21 13:23:57.906000,2563.0,299.0,11882.0,31,True,robotframework,conda-forge/robotframework,,15554.0,14302.0,https://pypi.org/project/robotframework,2026-09-14 13:12:54.000,2026-03-03 16:28:51.000,7.4.2,155.0,1252.0,3981355.0,3985820.0,https://anaconda.org/conda-forge/robotframework,2026-09-21 13:23:57.906,299198.0,2.0,,,,,,,,,,,,,,,,,,,,,,,
38,sphinx,sphinx-doc/sphinx,documentation,The Sphinx documentation generator.,,https://github.com/sphinx-doc/sphinx,910.0,https://github.com/sphinx-doc/sphinx,,2015-01-02 10:53:28.000,2026-09-14 00:22:41.000000,2561.0,1441.0,8014.0,31,False,sphinx,conda-forge/sphinx,['sphinx'],531520.0,495463.0,https://pypi.org/project/sphinx,2025-12-31 15:09:25.000,2025-12-31 15:09:25.000,9.1.0,241.0,36057.0,17551099.0,17764625.0,https://anaconda.org/conda-forge/sphinx,2026-01-01 12:53:05.325,16441510.0,1.0,,,,,,,,,,,,,,,,,,,,,,,
39,pip-tools,jazzband/pip-tools,dependency-managers,A set of tools to keep your pinned Python dependencies fresh.,,https://github.com/jazzband/pip-tools,229.0,https://github.com/jazzband/pip-tools,BSD-3-Clause,2012-09-10 08:50:26.000,2026-09-28 17:52:41.000000,681.0,176.0,8004.0,31,True,pip-tools,conda-forge/pip-tools,,41887.0,38736.0,https://pypi.org/project/pip-tools,2026-08-12 00:04:07.000,2026-08-12 00:04:07.000,7.6.1,127.0,3151.0,12317101.0,12322193.0,https://anaconda.org/conda-forge/pip-tools,2026-08-14 12:08:02.681,392109.0,2.0,,,,,,,,,,,,,,,,,,,,,,,
40,pyre-check,facebook/pyre-check,type-checkers,Performant type-checking for python.,,https://github.com/facebook/pyre-check,308.0,https://github.com/facebook/pyre-check,MIT,2017-11-10 17:31:36.000,2026-08-06 10:26:35.000000,452.0,167.0,7172.0,31,True,pyre-check,,,130.0,24.0,https://pypi.org/project/pyre-check,2026-08-06 10:26:35.000,2025-07-07 15:59:16.000,0.9.25,82.0,106.0,209499.0,209499.0,,,,2.0,,,,,,,2026-06-26 15:55:41,20985.0,114.0,573.0,311.0,,,,,,,,,,,,
41,structlog,hynek/structlog,logging,"Simple, powerful, and fast logging for Python.",,https://github.com/hynek/structlog,145.0,https://github.com/hynek/structlog,Apache-2.0,2013-08-13 15:55:58.000,2026-09-05 12:54:41.000000,299.0,38.0,4959.0,31,True,structlog,conda-forge/structlog,,44014.0,39043.0,https://pypi.org/project/structlog,2026-06-06 07:33:38.000,2026-06-06 07:33:38.000,26.1.0,43.0,4971.0,94130364.0,94154870.0,https://anaconda.org/conda-forge/structlog,2026-06-06 12:56:29.674,1690959.0,2.0,,,,,,,,,,,,,,,,,,,,,,,
42,pytest-xdist,pytest-dev/pytest-xdist,testing,pytest plugin for distributed testing and loop-on-failures testing modes.,,https://github.com/pytest-dev/pytest-xdist,120.0,https://github.com/pytest-dev/pytest-xdist,MIT,2015-09-01 18:51:45.000,2026-09-21 21:29:26.000000,289.0,322.0,1908.0,31,True,pytest-xdist,conda-forge/pytest-xdist,['pytest'],148354.0,142737.0,https://pypi.org/project/pytest-xdist,2025-07-01 13:30:56.000,2025-07-01 13:30:56.000,3.8.0,71.0,5617.0,129829703.0,130035224.0,https://anaconda.org/conda-forge/pytest-xdist,2025-07-02 10:39:49.174,15414086.0,2.0,,,,,,,,,,,,,,,,,,,,,,,
43,twine,pypa/twine,build-tools,Utilities for interacting with PyPI.,,https://github.com/pypa/twine,133.0,https://github.com/pypa/twine,Apache-2.0,2013-08-13 15:39:39.000,2026-08-05 19:53:40.000000,334.0,53.0,1781.0,31,True,twine,conda-forge/twine,,191145.0,148917.0,https://pypi.org/project/twine,2026-07-27 15:58:59.000,2026-07-27 15:58:59.000,7.0.0,60.0,42228.0,17414512.0,17442266.0,https://anaconda.org/conda-forge/twine,2026-07-28 15:23:16.257,2109335.0,2.0,,,,,,,,,,,,,,,,,,,,,,,
44,python-json-logger,madzak/python-json-logger,logging,Json Formatter for the standard python logger.,,https://github.com/madzak/python-json-logger,64.0,https://github.com/madzak/python-json-logger,BSD-2-Clause,2011-12-27 05:12:26.000,2026-08-16 09:33:29.277000,233.0,30.0,1764.0,31,False,python-json-logger,conda-forge/python-json-logger,,1654.0,,https://pypi.org/project/python-json-logger,2026-08-15 11:36:36.000,2026-08-15 11:36:36.000,4.2.0,39.0,1654.0,84813250.0,85073617.0,https://anaconda.org/conda-forge/python-json-logger,2026-08-16 09:33:29.277,18746458.0,2.0,,,,,,,2024-12-12 19:59:04,263.0,1.0,92.0,91.0,,,,,,,,,,,,
45,pydocstyle,PyCQA/pydocstyle,linters,docstring style checker.,,https://github.com/PyCQA/pydocstyle,92.0,https://github.com/PyCQA/pydocstyle,MIT,2012-01-31 17:18:23.000,2025-04-22 14:56:24.767000,190.0,121.0,1120.0,31,False,pydocstyle,conda-forge/pydocstyle,,76645.0,74893.0,https://pypi.org/project/pydocstyle,2023-01-17 20:31:11.783,2023-01-17 20:31:11.783,6.3.0,23.0,1752.0,4030862.0,4086523.0,https://anaconda.org/conda-forge/pydocstyle,2025-04-22 14:56:24.767,4118932.0,1.0,,,,,,,2023-11-03 22:28:45,746.0,2.0,318.0,225.0,121.0,,,,,,,,,,,
46,pyright,Microsoft/pyright,type-checkers,Static Type Checker for Python.,,https://github.com/Microsoft/pyright,165.0,https://github.com/Microsoft/pyright,MIT,2019-03-12 03:38:46.000,2026-09-09 20:42:01.701000,1809.0,339.0,15626.0,30,True,,,,1978.0,1844.0,,,2026-09-09 20:42:01.701,1.1.414,498.0,,,3182738.0,,,,3.0,,,,,,,,,,,,,pyright,https://www.npmjs.com/package/pyright,2026-09-09 20:42:01.701,134.0,3182738.0,,,,,,
47,PDM,pdm-project/pdm,dependency-managers,A modern Python package and dependency manager supporting the latest PEP standards.,,https://github.com/pdm-project/pdm,270.0,https://github.com/pdm-project/pdm,MIT,2019-12-27 03:50:57.000,2026-09-19 10:47:31.192000,495.0,44.0,8671.0,30,True,pdm,conda-forge/pdm,,875.0,638.0,https://pypi.org/project/pdm,2026-09-17 06:59:59.000,2026-09-17 06:59:59.000,2.29.2,255.0,237.0,5425998.0,5458519.0,https://anaconda.org/conda-forge/pdm,2026-09-19 10:47:31.192,1983806.0,2.0,,,,,,,,,,,,,,,,,,,,,,,
48,bandit,PyCQA/bandit,security,Bandit is a tool designed to find common security issues in Python code.,,https://github.com/PyCQA/bandit,197.0,https://github.com/PyCQA/bandit,Apache-2.0,2018-04-26 09:08:12.000,2026-05-25 22:28:37.000000,778.0,248.0,8091.0,30,True,bandit,conda-forge/bandit,,72732.0,69356.0,https://pypi.org/project/bandit,2026-02-25 06:44:13.000,2026-02-25 06:44:13.000,1.9.4,51.0,3376.0,24214176.0,24224748.0,https://anaconda.org/conda-forge/bandit,2026-02-25 10:39:26.216,761244.0,1.0,,,,,,1.0,,,,,,,,,,,,,,,,,
49,conda,conda/conda,dependency-managers,"A system-level, binary package and environment manager running on all major operating systems and platforms.",,https://github.com/conda/conda,506.0,https://github.com/conda/conda,BSD-3-Clause,2012-10-15 22:08:03.000,2026-09-29 15:21:11.941000,2218.0,660.0,7503.0,30,True,conda,conda-forge/conda,,51997.0,51914.0,https://pypi.org/project/conda,2017-04-22 23:43:59.218,2017-04-22 23:43:59.218,4.3.16,120.0,83.0,8468.0,1084476.0,https://anaconda.org/conda-forge/conda,2026-09-29 15:21:11.941,82852656.0,2.0,,,,,,,,,,,,,,,,,,,,,,,
50,pytype,google/pytype,type-checkers,A static type analyzer for Python code.,,https://github.com/google/pytype,112.0,https://github.com/google/pytype,Apache-2.0,2015-03-18 20:52:08.000,2026-03-16 14:08:32.000000,288.0,204.0,5032.0,30,True,pytype,conda-forge/pytype,,231.0,,https://pypi.org/project/pytype,2024-10-11 08:28:27.000,2024-10-11 08:28:27.000,2024.10.11,204.0,231.0,806154.0,815024.0,https://anaconda.org/conda-forge/pytype,2025-04-22 14:57:26.233,674147.0,3.0,,,,,,,2026-01-23 16:17:37,6969.0,52.0,1202.0,745.0,,,,,,,,,,,,
51,sentry-sdk,getsentry/sentry-python,logging,The official Python SDK for Sentry.io.,,https://github.com/getsentry/sentry-python,355.0,https://github.com/getsentry/sentry-python,MIT,2018-06-18 22:51:10.000,2026-09-28 22:44:48.124000,678.0,410.0,2208.0,30,True,sentry-sdk,conda-forge/sentry-sdk,,1988.0,,https://pypi.org/project/sentry-sdk,2026-09-28 14:03:58.000,2026-09-28 14:03:58.000,2.71.0,351.0,1988.0,123289148.0,123316122.0,https://anaconda.org/conda-forge/sentry-sdk,2026-09-28 22:44:48.124,2050077.0,2.0,,,,,,,,,,,,,,,,,,,,,,,
52,setuptools_scm,pypa/setuptools_scm,build-tools,the blessed package to manage your versions by scm tags.,,https://setuptools-scm.readthedocs.io/en/latest/,167.0,,MIT,2020-05-25 12:53:29.627,2026-09-24 13:47:52.261000,249.0,,953.0,30,True,setuptools_scm,conda-forge/setuptools_scm,,36683.0,33910.0,https://pypi.org/project/setuptools_scm,2026-09-23 19:21:41.000,2026-09-23 19:21:41.000,10.3.4,114.0,2773.0,81897867.0,82014217.0,https://anaconda.org/conda-forge/setuptools_scm,2026-09-24 13:47:52.261,8958971.0,2.0,,,,,,,,,,,,,,,,,,,,,,,
53,parso,davidhalter/parso,linters,A Python Parser.,,https://github.com/davidhalter/parso,55.0,https://github.com/davidhalter/parso,MIT,2017-05-08 20:14:30.000,2026-05-02 11:56:21.593000,116.0,11.0,673.0,30,True,parso,conda-forge/parso,,609368.0,608200.0,https://pypi.org/project/parso,2026-05-01 23:12:58.000,2026-05-01 23:12:58.000,0.8.7,30.0,1168.0,93359799.0,93917628.0,https://anaconda.org/conda-forge/parso,2026-05-02 11:56:21.593,41837202.0,2.0,,,,,,,,,,,,,,,,,,,,,,,
54,py-spy,benfred/py-spy,profiling,Sampling profiler for Python programs.,,https://github.com/benfred/py-spy,57.0,https://github.com/benfred/py-spy,MIT,2018-08-01 02:22:15.000,2026-08-28 13:49:32.586000,551.0,244.0,15526.0,29,True,py-spy,conda-forge/py-spy,,9389.0,9148.0,https://pypi.org/project/py-spy,2026-04-24 22:08:45.000,2026-04-24 22:09:42.172,0.4.2,41.0,236.0,20201503.0,20216073.0,https://anaconda.org/conda-forge/py-spy,2026-08-28 13:49:32.586,1092806.0,1.0,,,,,,-1.0,,,,,,,,,,,,py-spy,https://crates.io/crates/py-spy,2026-04-24 22:09:42.172,5.0,,
55,Nuitka,Nuitka/Nuitka,packaging,"Nuitka is a Python compiler written in Python. Its fully compatible with Python 2.6, 2.7, 3.4-3.14. You feed it your..",,https://github.com/Nuitka/Nuitka,214.0,https://github.com/Nuitka/Nuitka,AGPL-3.0,2013-04-23 15:40:33.000,2026-09-24 11:04:07.491000,794.0,219.0,15143.0,29,True,nuitka,conda-forge/nuitka,,4353.0,4082.0,https://pypi.org/project/nuitka,2026-09-22 14:25:53.000,2026-09-22 14:25:53.000,4.2.2,386.0,271.0,596031.0,644667.0,https://anaconda.org/conda-forge/nuitka,2026-09-24 11:04:07.491,3745032.0,2.0,,,,,,,,,,,,,,,,,,,,,,,
56,pyautogui,asweigart/pyautogui,testing,A cross-platform GUI automation Python module for human beings. Used to programmatically control the mouse & keyboard.,,https://github.com/asweigart/pyautogui,52.0,https://github.com/asweigart/pyautogui,BSD-3-Clause,2014-07-17 23:30:38.000,2026-05-18 21:26:38.373000,1254.0,534.0,10349.0,29,True,pyautogui,conda-forge/pyautogui,,58565.0,57531.0,https://pypi.org/project/pyautogui,2023-05-24 20:13:07.561,2023-05-24 20:13:07.561,0.9.54,51.0,1034.0,2674247.0,2681291.0,https://anaconda.org/conda-forge/pyautogui,2026-05-18 21:26:38.373,507234.0,2.0,,,,,,,,,,,,,,,,,,,,,,,
57,pyinstrument,joerick/pyinstrument,profiling,Call stack profiler for Python. Shows you why your code is slow!.,,https://github.com/joerick/pyinstrument,78.0,https://github.com/joerick/pyinstrument,BSD-3-Clause,2014-03-13 17:53:13.000,2026-09-04 11:04:47.583000,296.0,26.0,7990.0,29,True,pyinstrument,conda-forge/pyinstrument,,5023.0,4685.0,https://pypi.org/project/pyinstrument,2026-07-29 17:17:16.000,2026-07-29 17:17:16.000,5.1.3,56.0,338.0,10168675.0,10187839.0,https://anaconda.org/conda-forge/pyinstrument,2026-09-04 11:04:47.583,1418148.0,1.0,,,,,,,,,,,,,,,,,,,,,,,
58,sphinx_rtd_theme,readthedocs/sphinx_rtd_theme,documentation,Sphinx theme from Read the Docs.,,https://github.com/readthedocs/sphinx_rtd_theme,122.0,https://github.com/readthedocs/sphinx_rtd_theme,MIT,2013-10-17 17:10:49.000,2026-07-29 08:40:54.298000,1814.0,266.0,5031.0,29,True,sphinx_rtd_theme,conda-forge/sphinx_rtd_theme,['sphinx'],20329.0,16.0,https://pypi.org/project/sphinx_rtd_theme,2026-01-12 16:03:28.000,2026-01-12 16:03:28.000,3.1.0,64.0,20313.0,6088215.0,6161110.0,https://anaconda.org/conda-forge/sphinx_rtd_theme,2026-07-29 08:40:54.298,5540038.0,2.0,,,,,,-1.0,,,,,,,,,,,,,,,,,
59,invoke,pyinvoke/invoke,build-tools,Pythonic task management & command execution.,,https://github.com/pyinvoke/invoke,63.0,https://github.com/pyinvoke/invoke,BSD-2-Clause,2012-02-29 23:59:23.000,2026-04-07 16:34:39.989000,388.0,441.0,4730.0,29,True,invoke,conda-forge/invoke,,36370.0,35016.0,https://pypi.org/project/invoke,2026-04-07 15:17:46.000,2026-04-07 15:17:46.000,3.0.3,71.0,1354.0,59303776.0,59352794.0,https://anaconda.org/conda-forge/invoke,2026-04-07 16:34:39.989,3382309.0,2.0,,,,,,-1.0,,,,,,,,,,,,,,,,,
60,autopep8,hhatto/autopep8,formatters,A tool that automatically formats Python code to conform to the PEP 8 style guide.,,https://github.com/hhatto/autopep8,64.0,https://github.com/hhatto/autopep8,MIT,2010-12-29 20:08:51.000,2025-04-22 14:56:24.132000,289.0,124.0,4586.0,29,False,autopep8,conda-forge/autopep8,,233729.0,232042.0,https://pypi.org/project/autopep8,2025-01-14 14:46:15.000,2025-01-14 14:46:15.000,2.3.2,82.0,1687.0,6742815.0,6785161.0,https://anaconda.org/conda-forge/autopep8,2025-04-22 14:56:24.132,3218361.0,3.0,,,,,,,,,,,,,,,,,,,,,,,
61,wemake-python-styleguide,wemake-services/wemake-python-styleguide,linters,The strictest and most opinionated python linter ever!.,,https://github.com/wemake-services/wemake-python-styleguide,239.0,https://github.com/wemake-services/wemake-python-styleguide,MIT,2018-03-09 21:04:25.000,2026-09-12 07:17:26.000000,430.0,15.0,2900.0,29,True,wemake-python-styleguide,,,17849.0,17720.0,https://pypi.org/project/wemake-python-styleguide,2026-09-12 07:17:26.000,2026-09-12 07:17:26.000,1.8.1,72.0,129.0,429110.0,429110.0,,,,2.0,,,,,,,,,,,,,,,,,,,,,,,
62,scons,SCons/scons,build-tools,SCons - a software construction tool.,,https://github.com/SCons/scons,177.0,https://github.com/SCons/scons,MIT,2017-09-24 19:23:46.000,2026-09-04 07:08:49.045000,357.0,656.0,2416.0,29,True,scons,conda-forge/scons,,4420.0,4355.0,https://pypi.org/project/scons,2026-08-27 04:33:12.000,2026-08-27 04:33:12.000,4.11.1,44.0,65.0,602388.0,624192.0,https://anaconda.org/conda-forge/scons,2026-09-04 07:08:49.045,1613547.0,2.0,,,,,,,,,,,,,,,,,,,,,,,
63,flit,pypa/flit,build-tools,Simplified packaging of Python modules.,,https://github.com/pypa/flit,92.0,https://github.com/pypa/flit,BSD-3-Clause,2015-03-13 21:22:27.000,2026-09-24 09:12:48.213000,167.0,125.0,2252.0,29,True,flit,conda-forge/flit,,4014.0,2879.0,https://pypi.org/project/flit,2026-09-16 10:46:54.000,2026-09-16 10:46:54.000,4.1.0,56.0,1135.0,5453540.0,5460025.0,https://anaconda.org/conda-forge/flit,2026-09-24 09:12:48.213,473457.0,2.0,,,,,,,,,,,,,,,,,,,,,,,
64,rope,python-rope/rope,refactoring,a python refactoring library.,,https://github.com/python-rope/rope,89.0,https://github.com/python-rope/rope,LGPL-3.0,2013-11-30 15:30:20.000,2026-09-26 16:43:08.606000,195.0,153.0,2239.0,29,True,rope,conda-forge/rope,,79634.0,79276.0,https://pypi.org/project/rope,2026-09-26 14:29:50.000,2026-09-26 14:29:50.000,1.15.0,96.0,358.0,1292902.0,1331199.0,https://anaconda.org/conda-forge/rope,2026-09-26 16:43:08.606,2757403.0,1.0,,,,,,,,,,,,,,,,,,,,,,,
65,safety,pyupio/safety,security,Safety checks Python dependencies for known security vulnerabilities and suggests the proper remediations for..,,https://github.com/pyupio/safety,57.0,https://github.com/pyupio/safety,MIT,2016-10-19 13:22:56.000,2026-09-04 19:02:29.000000,206.0,97.0,1996.0,29,True,safety,conda-forge/safety,,21954.0,20514.0,https://pypi.org/project/safety,2026-05-29 15:09:31.000,2026-05-29 15:09:31.000,3.8.1,118.0,1440.0,3172310.0,3175159.0,https://anaconda.org/conda-forge/safety,2026-05-30 13:02:50.499,199460.0,2.0,,,,,,,,,,,,,,,,,,,,,,,
66,pytest-benchmark,ionelmc/pytest-benchmark,testing,pytest fixture for benchmarking code.,,https://github.com/ionelmc/pytest-benchmark,56.0,https://github.com/ionelmc/pytest-benchmark,BSD-2-Clause,2014-10-10 10:55:33.000,2026-08-23 22:49:27.732000,137.0,122.0,1453.0,29,True,pytest-benchmark,conda-forge/pytest-benchmark,['pytest'],22512.0,18421.0,https://pypi.org/project/pytest-benchmark,2026-08-23 17:45:07.000,2026-08-23 17:45:07.000,5.3.0,51.0,4091.0,9940203.0,9993730.0,https://anaconda.org/conda-forge/pytest-benchmark,2026-08-23 22:49:27.732,3532789.0,2.0,,,,,,,,,,,,,,,,,,,,,,,
67,colorlog,borntyping/python-colorlog,logging,A colored formatter for the python logging module.,,https://github.com/borntyping/python-colorlog,37.0,https://github.com/borntyping/python-colorlog,MIT,2012-09-05 17:57:21.000,2026-09-27 06:31:13.867000,99.0,,967.0,29,True,colorlog,conda-forge/colorlog,,71836.0,68634.0,https://pypi.org/project/colorlog,2026-07-23 13:40:39.000,2026-07-23 13:40:39.000,6.12.0,72.0,3202.0,43884182.0,43991079.0,https://anaconda.org/conda-forge/colorlog,2026-09-27 06:31:13.867,8017306.0,2.0,,,,,,,,,,,,,,,,,,,,,,,
68,executing,alexmojaki/executing,ast,"Get information about what a Python frame is currently doing, particularly the AST node being executed.",,https://github.com/alexmojaki/executing,12.0,https://github.com/alexmojaki/executing,MIT,2019-05-25 08:22:26.000,2026-08-12 13:04:27.000000,38.0,22.0,402.0,29,True,executing,conda-forge/executing,,349182.0,348381.0,https://pypi.org/project/executing,2025-09-01 09:48:08.000,2025-09-01 09:48:08.000,2.2.1,36.0,801.0,99190549.0,99634195.0,https://anaconda.org/conda-forge/executing,2025-09-01 12:24:49.483,31942557.0,1.0,,,,,,,,,,,,,,,,,,,,,,,
69,memray,bloomberg/memray,profiling,Memray is a memory profiler for Python.,,https://github.com/bloomberg/memray,77.0,https://github.com/bloomberg/memray,Apache-2.0,2022-04-08 18:04:11.000,2026-09-18 01:58:35.694000,457.0,27.0,15186.0,28,True,memray,conda-forge/memray,,230.0,24.0,https://pypi.org/project/memray,2026-08-07 20:14:19.000,2026-08-07 20:14:19.000,1.20.0,37.0,206.0,10810315.0,10825514.0,https://anaconda.org/conda-forge/memray,2026-09-18 01:58:35.694,820758.0,2.0,,,,,,,,,,,,,,,,,,,,,,,
70,pycodestyle,PyCQA/pycodestyle,linters,Simple Python style checker in one Python file.,,https://github.com/PyCQA/pycodestyle,137.0,https://github.com/PyCQA/pycodestyle,MIT,2009-10-02 00:43:37.000,2026-09-23 19:54:55.424000,755.0,105.0,5168.0,28,True,pycodestyle,conda-forge/pycodestyle,,2487.0,,https://pypi.org/project/pycodestyle,2026-09-22 22:15:34.000,2025-06-20 18:49:47.000,2.14.0,24.0,2487.0,56982868.0,57157222.0,https://anaconda.org/conda-forge/pycodestyle,2026-09-23 19:54:55.424,11681723.0,2.0,,,,,,,,,,,,,,,,,,,,,,,
71,vulture,jendrikseipp/vulture,refactoring,Find dead Python code.,,https://github.com/jendrikseipp/vulture,59.0,https://github.com/jendrikseipp/vulture,MIT,2017-03-06 08:00:18.000,2026-09-16 06:32:24.000000,202.0,71.0,4812.0,28,True,vulture,conda-forge/vulture,,8709.0,8046.0,https://pypi.org/project/vulture,2026-03-25 14:41:26.000,2023-08-21 14:26:43.000,2.9.1,56.0,663.0,14640974.0,14644564.0,https://anaconda.org/conda-forge/vulture,2026-03-26 01:59:07.768,269269.0,2.0,,,,,,,,,,,,,,,,,,,,,,,
72,beartype,beartype/beartype,linters,Unbearably fast near-real-time pure-Python runtime-static type-checker.,,https://github.com/beartype/beartype,35.0,https://github.com/beartype/beartype,MIT,2020-04-03 06:06:22.000,2026-09-26 03:23:20.000000,88.0,123.0,3499.0,28,True,beartype,conda-forge/beartype,,16348.0,15022.0,https://pypi.org/project/beartype,2026-09-26 03:23:20.000,2025-12-13 06:50:28.000,0.22.9,67.0,1326.0,66066805.0,66078423.0,https://anaconda.org/conda-forge/beartype,2025-12-14 12:37:53.323,883011.0,2.0,,,,,,,,,,,,,,,,,,,,,,,
73,tabulate,astanin/python-tabulate,logging,"Pretty-print tabular data in Python, a library and a command-line utility. Repository migrated from..",,https://github.com/astanin/python-tabulate,108.0,https://github.com/astanin/python-tabulate,MIT,2019-09-02 14:34:19.000,2026-03-11 08:45:56.000000,211.0,92.0,2586.0,28,True,tabulate,conda-forge/tabulate,,12252.0,,https://pypi.org/project/tabulate,2026-03-04 18:55:31.000,2026-03-04 18:55:31.000,0.10.0,28.0,12252.0,148490193.0,148705631.0,https://anaconda.org/conda-forge/tabulate,2026-03-05 17:47:04.179,14649838.0,2.0,,,,,,,,,,,,,,,,,,,,,,,
74,mkdocstrings,mkdocstrings/mkdocstrings,documentation,"Automatic documentation from sources, for MkDocs.",,https://github.com/mkdocstrings/mkdocstrings,55.0,https://github.com/mkdocstrings/mkdocstrings,ISC,2019-12-09 18:09:09.000,2026-07-12 16:34:45.346000,125.0,8.0,2083.0,28,True,mkdocstrings,conda-forge/mkdocstrings,['mkdocs'],33116.0,31008.0,https://pypi.org/project/mkdocstrings,2026-07-11 19:38:04.000,2026-07-11 19:38:04.000,1.0.6,77.0,2108.0,6075078.0,6081163.0,https://anaconda.org/conda-forge/mkdocstrings,2026-07-12 16:34:45.346,438128.0,2.0,,,,,,,,,,,,,,,,,,,,,,,
75,prettytable,jazzband/prettytable,logging,A simple Python library for easily displaying tabular data in a visually appealing ASCII table format.,,https://github.com/prettytable/prettytable,74.0,,,2020-11-03 13:58:59.240,2026-06-24 17:09:24.467000,191.0,,1662.0,28,False,prettytable,conda-forge/prettytable,,86694.0,83539.0,https://pypi.org/project/prettytable,2026-06-22 16:07:48.000,2026-06-22 16:07:48.000,3.18.0,43.0,3155.0,39884800.0,39968818.0,https://anaconda.org/conda-forge/prettytable,2026-06-24 17:09:24.467,5965287.0,2.0,,,,,,,,,,,,,,,,,,,,,,,
76,nox,theacodes/nox,testing,Flexible test automation.,,https://github.com/wntrblm/nox,134.0,,Apache-2.0,2020-06-01 17:26:06.894,2026-08-24 05:16:25.917000,187.0,,1552.0,28,True,nox,conda-forge/nox,['pytest'],10373.0,8527.0,https://pypi.org/project/nox,2026-08-18 03:09:55.000,2026-08-18 03:09:55.000,2026.8.17,36.0,1846.0,3766796.0,3775441.0,https://anaconda.org/conda-forge/nox,2026-08-24 05:16:25.917,657027.0,2.0,,,,,,,,,,,,,,,,,,,,,,,
77,pytest-bdd,pytest-dev/pytest-bdd,testing,BDD library for the pytest runner.,,https://github.com/pytest-dev/pytest-bdd,72.0,https://github.com/pytest-dev/pytest-bdd,MIT,2013-03-29 07:27:43.000,2026-09-30 18:28:09.000000,252.0,87.0,1466.0,28,True,pytest-bdd,conda-forge/pytest-bdd,['pytest'],5425.0,5126.0,https://pypi.org/project/pytest-bdd,2026-09-30 18:28:09.000,2026-09-30 18:28:09.000,9.0.0,107.0,299.0,3063035.0,3065005.0,https://anaconda.org/conda-forge/pytest-bdd,2026-07-03 23:47:55.993,80801.0,2.0,,,,,,,,,,,,,,,,,,,,,,,
78,nose,nose-devs/nose,testing,nose is nicer testing for python.,,https://github.com/nose-devs/nose,95.0,https://github.com/nose-devs/nose,LGPL-2.1+,2011-12-13 19:36:32.000,2025-04-22 14:56:22.777000,391.0,451.0,1363.0,28,False,nose,conda-forge/nose,,174342.0,171647.0,https://pypi.org/project/nose,2015-06-02 09:12:36.000,2015-06-02 09:12:36.000,1.3.7,14.0,2695.0,6432097.0,6465554.0,https://anaconda.org/conda-forge/nose,2025-04-22 14:56:22.777,4182146.0,2.0,,,,,,,,,,,,,,,,,,,,,,,
79,flake8-bugbear,PyCQA/flake8-bugbear,linters,A plugin for Flake8 finding likely bugs and design problems in your program. Contains warnings that dont belong in..,,https://github.com/PyCQA/flake8-bugbear,99.0,https://github.com/PyCQA/flake8-bugbear,MIT,2016-03-15 20:54:43.000,2026-09-30 14:42:11.000000,125.0,53.0,1119.0,28,True,flake8-bugbear,conda-forge/flake8-bugbear,['flake8'],44607.0,42851.0,https://pypi.org/project/flake8-bugbear,2026-09-30 14:42:11.000,2026-09-30 14:42:11.000,26.9.30,77.0,1756.0,2727513.0,2740738.0,https://anaconda.org/conda-forge/flake8-bugbear,2026-09-16 00:32:24.786,939010.0,2.0,,,,,,,,,,,,,,,,,,,,,,,
80,Griffe,mkdocstrings/griffe,documentation,"Signatures for entire Python programs. Extract the structure, the frame, the skeleton of your project, to generate API..",,https://github.com/mkdocstrings/griffe,53.0,https://github.com/mkdocstrings/griffe,ISC,2021-09-09 21:49:44.000,2026-09-04 20:10:57.091000,74.0,35.0,684.0,28,True,griffe,conda-forge/griffe,,19520.0,18798.0,https://pypi.org/project/griffe,2026-09-04 15:08:14.000,2026-09-04 15:08:14.000,2.3.0,155.0,722.0,22374627.0,22395472.0,https://anaconda.org/conda-forge/griffe,2026-09-04 20:10:57.091,1146478.0,2.0,,,,,,,,,,,,,,,,,,,,,,,
81,mccabe,PyCQA/mccabe,code-metrics,McCabe complexity checker for Python.,,https://github.com/PyCQA/mccabe,24.0,https://github.com/PyCQA/mccabe,Saxpath,2013-02-20 22:19:04.000,2025-04-22 14:56:24.539000,63.0,10.0,680.0,28,True,mccabe,conda-forge/mccabe,,527546.0,526612.0,https://pypi.org/project/mccabe,2022-01-24 01:14:49.000,2022-01-24 01:14:49.000,0.7.0,13.0,934.0,67516415.0,67745213.0,https://anaconda.org/conda-forge/mccabe,2025-04-22 14:56:24.539,13041496.0,1.0,,,,,,,,,,,,,,,,,,,,,,,
82,python-coloredlogs,xolox/python-coloredlogs,logging,Colored terminal output for Pythons logging module.,,https://github.com/xolox/python-coloredlogs,17.0,https://github.com/xolox/python-coloredlogs,MIT,2013-05-30 18:57:12.000,2026-09-14 22:46:38.801000,45.0,36.0,548.0,28,True,coloredlogs,anaconda/coloredlogs,,90155.0,88226.0,https://pypi.org/project/coloredlogs,2021-06-11 10:24:04.382,2021-06-11 10:24:04.382,15.0.1,63.0,1929.0,35461753.0,35461998.0,https://anaconda.org/anaconda/coloredlogs,2026-09-14 22:46:38.801,26744.0,2.0,,,,,,,,,,,,,,,,,,,,,,,
83,Glances,nicolargo/glances,profiling,"Glances an Eye on your system. A top/htop alternative for GNU/Linux, BSD, macOS and Windows operating systems.",,https://github.com/nicolargo/glances,273.0,https://github.com/nicolargo/glances,,2011-12-04 08:49:15.000,2026-09-26 20:13:11.905000,1819.0,104.0,33682.0,27,False,glances,conda-forge/glances,,1253.0,1247.0,https://pypi.org/project/glances,2026-09-26 13:19:19.000,2026-09-26 13:19:19.000,4.5.7,139.0,6.0,105506.0,118852.0,https://anaconda.org/conda-forge/glances,2026-09-26 20:13:11.905,920889.0,2.0,,,,,,,,,,,,,,,,,,,,,,,
84,xonsh,xonsh/xonsh,shell,"Python-powered shell. Full-featured, cross-platform and AI-friendly.",,https://github.com/xonsh/xonsh,395.0,https://github.com/xonsh/xonsh,BSD-1-Clause,2015-01-21 22:05:27.000,2026-08-23 15:40:25.000000,735.0,71.0,9615.0,27,False,xonsh,,,1090.0,907.0,https://pypi.org/project/xonsh,2026-08-23 15:40:25.000,2026-08-23 15:40:25.000,0.24.2,165.0,183.0,333946.0,333946.0,,,,1.0,,,,,,,,,,,,,,,,,,,,,,,
85,pipreqs,bndr/pipreqs,dependency-managers,pipreqs - Generate pip requirements.txt file based on imports of any project. Looking for maintainers to move this..,,https://github.com/bndr/pipreqs,76.0,https://github.com/bndr/pipreqs,Apache-2.0,2015-04-22 16:38:14.000,2026-06-20 01:42:38.983000,416.0,216.0,7360.0,27,True,pipreqs,conda-forge/pipreqs,,40992.0,40669.0,https://pypi.org/project/pipreqs,2024-02-18 17:49:34.000,2024-02-18 17:49:34.000,0.5.0,43.0,323.0,634670.0,637022.0,https://anaconda.org/conda-forge/pipreqs,2026-06-20 01:42:38.983,127056.0,3.0,,,,,,,,,,,,,,,,,,,,,,,
86,mimesis,lk-geimfari/mimesis,testing,Mimesis is a Python library for generating fake but realistic data in multiple languages and locales.,,https://github.com/lk-geimfari/mimesis,130.0,https://github.com/lk-geimfari/mimesis,MIT,2016-09-09 21:41:22.000,2026-09-24 08:07:57.565000,361.0,16.0,4842.0,27,True,mimesis,conda-forge/mimesis,,2465.0,2361.0,https://pypi.org/project/mimesis,2026-09-23 10:29:27.000,2026-09-23 10:29:27.000,22.2.0,65.0,104.0,2065761.0,2071147.0,https://anaconda.org/conda-forge/mimesis,2026-09-24 08:07:57.565,403955.0,2.0,,,,,,,,,,,,,,,,,,,,,,,
87,freezegun,spulec/freezegun,testing,Let your Python tests travel through time.,,https://github.com/spulec/freezegun,126.0,https://github.com/spulec/freezegun,Apache-2.0,2012-12-11 05:11:00.000,2025-08-19 19:29:42.000000,288.0,146.0,4454.0,27,False,freezegun,conda-forge/freezegun,,1272.0,,https://pypi.org/project/freezegun,2025-08-09 10:39:06.000,2025-08-09 10:39:06.000,1.5.5,68.0,1272.0,45539075.0,45570209.0,https://anaconda.org/conda-forge/freezegun,2025-08-09 15:49:47.831,2272832.0,2.0,,,,,,,,,,,,,,,,,,,,,,,
88,ipdb,gotcha/ipdb,debugging,Integration of IPython pdb.,,https://github.com/gotcha/ipdb,60.0,https://github.com/gotcha/ipdb,BSD-3-Clause,2011-01-15 17:51:47.000,2025-04-22 14:56:25.687000,147.0,72.0,1843.0,27,False,ipdb,conda-forge/ipdb,,70560.0,69442.0,https://pypi.org/project/ipdb,2023-03-09 15:41:00.602,2023-03-09 15:41:00.602,0.13.13,46.0,1118.0,13878357.0,13892164.0,https://anaconda.org/conda-forge/ipdb,2025-04-22 14:56:25.687,1049352.0,1.0,,,,,,,,,,,,,,,,,,,,,,,
89,typeguard,agronholm/typeguard,type-checkers,Run-time type checker for Python.,,https://github.com/agronholm/typeguard,54.0,https://github.com/agronholm/typeguard,,2015-12-27 23:15:37.000,2026-07-26 14:18:54.859000,134.0,25.0,1774.0,27,False,typeguard,conda-forge/typeguard,,51144.0,47320.0,https://pypi.org/project/typeguard,2026-07-26 08:40:21.000,2026-05-14 12:59:39.000,4.5.2,78.0,3824.0,49333366.0,49364921.0,https://anaconda.org/conda-forge/typeguard,2026-07-26 14:18:54.859,2398216.0,3.0,,,,,,,,,,,,,,,,,,,,,,,
90,pytest-sugar,Teemu/pytest-sugar,testing,"a plugin for py.test that changes the default look and feel of py.test (e.g. progressbar, show tests that fail..",,https://github.com/Teemu/pytest-sugar,58.0,https://github.com/Teemu/pytest-sugar,BSD-3-Clause,2013-06-25 21:09:27.000,2025-12-12 14:52:24.000000,81.0,32.0,1509.0,27,True,pytest-sugar,conda-forge/pytest-sugar,['pytest'],32696.0,31195.0,https://pypi.org/project/pytest-sugar,2025-08-23 12:19:34.000,2025-08-23 12:19:34.000,1.1.1,32.0,1501.0,6825027.0,6834180.0,https://anaconda.org/conda-forge/pytest-sugar,2025-08-24 22:40:41.102,668217.0,2.0,,,,,,,,,,,,,,,,,,,,,,,
91,logbook,getlogbook/logbook,logging,A cool logging replacement for Python.,,https://github.com/getlogbook/logbook,84.0,https://github.com/getlogbook/logbook,,2010-07-22 10:13:12.000,2026-08-17 12:22:59.000000,168.0,48.0,1506.0,27,False,logbook,conda-forge/logbook,,7823.0,7530.0,https://pypi.org/project/logbook,2026-08-05 19:26:16.000,2026-08-05 19:26:16.000,1.10.1,53.0,293.0,4077733.0,4084067.0,https://anaconda.org/conda-forge/logbook,2026-08-05 23:55:35.439,481411.0,3.0,,,,,,,,,,,,,,,,,,,,,,,
92,progressbar2,WoLpH/python-progressbar,logging,Progressbar 2 - A progress bar for Python 2 and Python 3 - pip install progressbar2.,,https://github.com/WoLpH/python-progressbar,168.0,https://github.com/WoLpH/python-progressbar,BSD-3-Clause,2012-02-20 06:19:21.000,2026-09-20 01:21:25.000000,106.0,,880.0,27,True,progressbar2,conda-forge/progressbar2,,1051.0,,https://pypi.org/project/progressbar2,2026-08-14 01:07:28.000,2026-08-14 01:07:28.000,4.6.0,112.0,1051.0,19204356.0,19282220.0,https://anaconda.org/conda-forge/progressbar2,2026-08-14 01:20:51.099,5917664.0,3.0,,,,,,,,,,,,,,,,,,,,,,,
93,breathe,michaeljones/breathe,documentation,Sphinx Doxygen renderer.,,https://www.breathe-doc.org/,124.0,,BSD-3-Clause,2020-06-09 14:04:47.701,2026-09-23 08:06:39.233000,211.0,,816.0,27,True,breathe,conda-forge/breathe,,20661.0,20444.0,https://pypi.org/project/breathe,2026-09-21 18:50:11.000,2026-09-21 18:50:11.000,5.0.0,69.0,217.0,747836.0,767068.0,https://anaconda.org/conda-forge/breathe,2026-09-23 08:06:39.233,1461700.0,2.0,,,,,,,,,,,,,,,,,,,,,,,
94,pytest-html,pytest-dev/pytest-html,testing,Plugin for generating HTML reports for pytest results.,,https://github.com/pytest-dev/pytest-html,66.0,https://github.com/pytest-dev/pytest-html,MPL-2.0,2015-04-14 19:22:42.000,2026-03-16 20:08:13.000000,252.0,185.0,769.0,27,True,pytest-html,conda-forge/pytest-html,['pytest'],60627.0,59530.0,https://pypi.org/project/pytest-html,2026-01-19 11:25:25.000,2026-01-19 11:25:25.000,4.2.0,59.0,1097.0,13636264.0,13654041.0,https://anaconda.org/conda-forge/pytest-html,2026-01-21 10:01:29.357,1262236.0,2.0,,,,,,,,,,,,,,,,,,,,,,,
95,alabaster,bitprophet/alabaster,documentation,"A light, configurable Sphinx theme.",,https://alabaster.readthedocs.io/,42.0,,BSD-3-Clause,2023-01-13 21:36:20.639,2025-04-22 14:56:25.041000,188.0,,766.0,27,False,alabaster,conda-forge/alabaster,['sphinx'],167945.0,167318.0,https://pypi.org/project/alabaster,2024-07-26 18:15:02.000,2024-07-26 18:15:02.000,1.0.0,30.0,627.0,16480772.0,16762179.0,https://anaconda.org/conda-forge/alabaster,2025-04-22 14:56:25.041,12663336.0,2.0,,,,,,,,,,,,,,,,,,,,,,,
96,pytest-randomly,pytest-dev/pytest-randomly,testing,Pytest plugin to randomly order tests and control random.seed.,,https://github.com/pytest-dev/pytest-randomly,22.0,https://github.com/pytest-dev/pytest-randomly,MIT,2016-04-08 15:48:10.000,2026-09-29 16:22:58.190000,37.0,3.0,721.0,27,True,pytest-randomly,conda-forge/pytest-randomly,,14182.0,12972.0,https://pypi.org/project/pytest-randomly,2026-09-01 22:34:19.000,2026-09-01 22:34:19.000,5.0.0,38.0,1210.0,14861790.0,14869265.0,https://anaconda.org/conda-forge/pytest-randomly,2026-09-29 16:22:58.190,448511.0,2.0,,,,,,,,,,,,,,,,,,,,,,,
97,sphinx-autodoc-typehints,tox-dev/sphinx-autodoc-typehints,documentation,Type hints support for the Sphinx autodoc extension.,,https://github.com/tox-dev/sphinx-autodoc-typehints,70.0,https://github.com/tox-dev/sphinx-autodoc-typehints,MIT,2015-09-21 20:41:41.000,2026-09-29 15:38:04.000000,114.0,,590.0,27,True,sphinx-autodoc-typehints,conda-forge/sphinx-autodoc-typehints,['sphinx'],69712.0,61827.0,https://pypi.org/project/sphinx-autodoc-typehints,2026-09-29 15:38:04.000,2026-09-29 15:38:04.000,3.13.8,136.0,7885.0,2444035.0,2459488.0,https://anaconda.org/conda-forge/sphinx-autodoc-typehints,2026-09-21 11:07:38.100,1174482.0,2.0,,,,,,,,,,,,,,,,,,,,,,,
98,PySnooper,cool-RR/PySnooper,debugging,Never use print for debugging again.,,https://github.com/cool-RR/PySnooper,30.0,https://github.com/cool-RR/PySnooper,MIT,2019-04-18 13:55:43.000,2025-05-31 23:22:45.000000,950.0,29.0,16484.0,26,False,pysnooper,conda-forge/pysnooper,,2210.0,2143.0,https://pypi.org/project/pysnooper,2025-05-31 23:22:45.000,2025-05-31 23:22:45.000,1.2.3,62.0,67.0,489106.0,491269.0,https://anaconda.org/conda-forge/pysnooper,2025-04-22 14:57:05.002,157923.0,1.0,,,,,,,,,,,,,,,,,,,,,,,
99,Scalene,plasma-umass/scalene,profiling,"Scalene: a high-performance, high-precision CPU, GPU, and memory profiler for Python with AI-powered optimization..",,https://github.com/plasma-umass/scalene,62.0,https://github.com/plasma-umass/scalene,Apache-2.0,2019-12-17 20:56:28.000,2026-05-12 18:45:56.000000,435.0,151.0,13412.0,26,True,scalene,,,1155.0,1080.0,https://pypi.org/project/scalene,2026-05-12 18:45:56.000,2026-05-12 18:45:56.000,2.3.0,189.0,75.0,362753.0,362753.0,,,,2.0,,,,,,,,,,,,,,,,,,,,,,,
100,briefcase,beeware/briefcase,packaging,Tools to support converting a Python project into a standalone native application.,,https://github.com/beeware/briefcase,229.0,https://github.com/beeware/briefcase,BSD-3-Clause,2015-07-28 15:20:03.000,2026-09-14 13:31:50.000000,549.0,165.0,3349.0,26,True,briefcase,,,938.0,887.0,https://pypi.org/project/briefcase,2026-09-08 08:38:27.000,2026-09-08 08:38:27.000,0.4.5,68.0,51.0,32030.0,32030.0,,,,2.0,,,,,,,,,,,,,,,,,,,,,,,
101,pyelftools,eliben/pyelftools,debugging,Parsing ELF and DWARF in Python.,,https://github.com/eliben/pyelftools,113.0,https://github.com/eliben/pyelftools,Unlicense,2013-06-08 22:55:54.000,2026-07-30 13:12:41.000000,547.0,57.0,2281.0,26,True,pyelftools,conda-forge/pyelftools,,13146.0,12781.0,https://pypi.org/project/pyelftools,2026-05-29 12:56:20.000,,,14.0,365.0,10490146.0,10517617.0,https://anaconda.org/conda-forge/pyelftools,2026-05-29 16:30:09.439,1977977.0,1.0,,,,,,,,,,,,,,,,,,,,,,,
102,radon,rubik/radon,code-metrics,Various code metrics for Python code.,,https://github.com/rubik/radon,60.0,https://github.com/rubik/radon,MIT,2012-09-20 18:58:58.000,2025-04-22 14:56:42.827000,126.0,41.0,1873.0,26,False,radon,conda-forge/radon,,8608.0,8391.0,https://pypi.org/project/radon,2023-03-26 06:25:00.948,2023-03-26 06:25:00.948,6.0.1,56.0,217.0,5281336.0,5283239.0,https://anaconda.org/conda-forge/radon,2025-04-22 14:56:42.827,140895.0,2.0,,,,,,,,,,,,,,,,,,,,,,,
103,coveralls-python,TheKevJames/coveralls-python,testing,Show coverage stats online via coveralls.io.,,https://github.com/TheKevJames/coveralls-python,68.0,https://github.com/TheKevJames/coveralls-python,MIT,2013-02-06 20:48:39.000,2026-02-28 18:09:14.813000,186.0,8.0,569.0,26,True,coveralls,conda-forge/coveralls,['pytest'],39845.0,37293.0,https://pypi.org/project/coveralls,2026-02-28 15:16:46.000,2026-02-28 15:16:46.000,4.1.0,48.0,2552.0,848947.0,871715.0,https://anaconda.org/conda-forge/coveralls,2026-02-28 18:09:14.813,1707626.0,3.0,,,,,,,,,,,,,,,,,,,,,,,
104,typed_ast,python/typed_ast,ast,Modified fork of CPythons ast module that parses `# type:` comments.,,https://github.com/python/typed_ast,26.0,https://github.com/python/typed_ast,Apache-2.0,2016-02-16 22:40:09.000,2025-04-22 14:56:42.129000,53.0,1.0,234.0,26,False,typed_ast,conda-forge/typed-ast,,645.0,,https://pypi.org/project/typed_ast,2023-07-04 18:38:08.820,2023-07-04 18:38:08.820,1.5.5,35.0,645.0,3314573.0,3413292.0,https://anaconda.org/conda-forge/typed-ast,2025-04-22 14:56:42.129,7107814.0,2.0,,,,,,,2023-07-03 22:55:34,205.0,8.0,109.0,86.0,,,,,,,,,,,,
105,astunparse,simonpercivall/astunparse,ast,An AST unparser for Python.,,https://github.com/simonpercivall/astunparse,11.0,https://github.com/simonpercivall/astunparse,BSD-3-Clause,2014-03-31 15:34:54.000,2025-04-22 14:56:37.697000,53.0,25.0,223.0,26,False,astunparse,conda-forge/astunparse,,171045.0,170362.0,https://pypi.org/project/astunparse,2019-12-22 18:12:11.000,2019-12-22 18:12:11.000,1.6.3,11.0,683.0,8340744.0,8393695.0,https://anaconda.org/conda-forge/astunparse,2025-04-22 14:56:37.697,3653652.0,2.0,,,,,,,,,,,,,,,,,,,,,,,
106,icecream,gruns/icecream,debugging,Never use print() to debug again.,,https://github.com/gruns/icecream,40.0,https://github.com/gruns/icecream,MIT,2018-02-13 18:56:12.000,2026-07-06 18:45:38.000000,224.0,64.0,10056.0,25,True,icecream,conda-forge/icecream,,622.0,24.0,https://pypi.org/project/icecream,2026-04-03 17:42:50.000,2026-04-03 17:42:50.000,2.2.0,26.0,598.0,1277366.0,1279186.0,https://anaconda.org/conda-forge/icecream,2026-04-04 14:02:00.745,120157.0,2.0,,,,,,-2.0,,,,,,,,,,,,,,,,,
107,alive-progress,rsalmei/alive-progress,logging,"A new kind of Progress Bar, with real-time throughput, ETA, and very cool animations!.",,https://github.com/rsalmei/alive-progress,11.0,https://github.com/rsalmei/alive-progress,MIT,2019-08-05 05:54:30.000,2026-03-08 05:23:32.352000,214.0,14.0,5947.0,25,True,alive-progress,conda-forge/alive-progress,,5809.0,5220.0,https://pypi.org/project/alive-progress,2025-07-20 02:10:37.000,2025-07-20 02:10:37.000,3.3.0,36.0,589.0,2574637.0,2579481.0,https://anaconda.org/conda-forge/alive-progress,2026-03-08 05:23:32.352,363355.0,3.0,,,,,,,,,,,,,,,,,,,,,,,
108,pyarmor,dashingsoft/pyarmor,security,"A tool used to obfuscate python scripts, bind obfuscated scripts to fixed machine or expire obfuscated scripts.",,https://github.com/dashingsoft/pyarmor,40.0,https://github.com/dashingsoft/pyarmor,SGI-B-2.0,2017-08-26 04:11:53.000,2026-08-29 04:16:04.000000,364.0,11.0,5184.0,25,False,pyarmor,,,2201.0,2060.0,https://pypi.org/project/pyarmor,2026-08-29 04:16:04.000,2026-08-29 04:16:04.000,9.2.7,377.0,141.0,292899.0,292899.0,,,,2.0,,,,,,,,,,,,,,,,,,,,,,,
109,memory-profiler,pythonprofilers/memory_profiler,profiling,Monitor Memory usage of Python code.,,https://github.com/pythonprofilers/memory_profiler,105.0,https://github.com/pythonprofilers/memory_profiler,BSD-3-Clause,2011-10-14 11:56:14.000,2025-12-04 21:58:46.357000,387.0,139.0,4539.0,25,True,memory_profiler,conda-forge/memory_profiler,,464.0,,https://pypi.org/project/memory_profiler,2022-11-15 17:59:01.069,2022-11-15 17:59:01.069,0.61.0,59.0,464.0,4087713.0,4162613.0,https://anaconda.org/conda-forge/memory_profiler,2025-12-04 21:58:46.357,5392871.0,2.0,,,,,,,,,,,,,,,,,,,,,,,
110,memory_profiler,fabianp/memory_profiler,profiling,Monitor Memory usage of Python code.,,https://github.com/fabianp/memory_profiler,62.0,https://github.com/fabianp/memory_profiler,BSD-3-Clause,2018-06-28 14:01:33.000,2025-12-04 21:58:46.357000,387.0,,4539.0,25,True,memory_profiler,conda-forge/memory_profiler,,464.0,,https://pypi.org/project/memory_profiler,2022-11-15 17:59:01.069,2022-11-15 17:59:01.069,0.61.0,59.0,464.0,4087713.0,4162614.0,https://anaconda.org/conda-forge/memory_profiler,2025-12-04 21:58:46.357,5392896.0,2.0,,,,,,,,,,,,,,,,,,,,,,,
111,factory_boy,FactoryBoy/factory_boy,testing,A test fixtures replacement for Python.,,https://github.com/FactoryBoy/factory_boy,134.0,https://github.com/FactoryBoy/factory_boy,MIT,2011-05-11 08:26:59.000,2025-04-25 02:28:32.370000,401.0,190.0,3639.0,25,False,factory_boy,conda-forge/factory_boy,,647.0,,https://pypi.org/project/factory_boy,2025-02-03 09:49:01.000,2025-02-03 09:49:01.000,3.3.3,46.0,647.0,20361946.0,20367598.0,https://anaconda.org/conda-forge/factory_boy,2025-04-25 02:28:32.370,412643.0,3.0,,,,,,,,,,,,,,,,,,,,,,,
112,pudb,inducer/pudb,debugging,Full-screen console debugger for Python.,,https://github.com/inducer/pudb,101.0,https://github.com/inducer/pudb,,2011-05-13 23:44:30.000,2026-08-29 14:46:16.895000,237.0,164.0,3180.0,25,False,pudb,conda-forge/pudb,,8732.0,8596.0,https://pypi.org/project/pudb,2025-12-06 20:18:12.000,2025-12-06 20:18:12.000,2025.1.5,87.0,136.0,1448603.0,1458445.0,https://anaconda.org/conda-forge/pudb,2026-08-29 14:46:16.895,610236.0,2.0,,,,,,,,,,,,,,,,,,,,,,,
113,pytest-testinfra,pytest-dev/pytest-testinfra,testing,Testinfra test your infrastructures.,,https://github.com/pytest-dev/pytest-testinfra,145.0,https://github.com/pytest-dev/pytest-testinfra,Apache-2.0,2015-03-15 20:49:52.000,2025-09-04 20:15:52.000000,362.0,145.0,2439.0,25,False,pytest-testinfra,conda-forge/pytest-testinfra,['pytest'],2744.0,2724.0,https://pypi.org/project/pytest-testinfra,2025-03-30 09:06:00.000,2025-03-29 16:58:05.000,10.2.1,19.0,20.0,882466.0,883130.0,https://anaconda.org/conda-forge/pytest-testinfra,2025-04-22 14:57:44.936,45862.0,3.0,,,,,,,,,,,,,,,,,,,,,,,
114,pdoc,mitmproxy/pdoc,documentation,API Documentation for Python Projects.,,https://github.com/mitmproxy/pdoc,79.0,https://github.com/mitmproxy/pdoc,MIT-0,2013-08-04 21:12:50.000,2025-10-27 16:02:15.000000,205.0,48.0,2406.0,25,False,pdoc,,,5605.0,4888.0,https://pypi.org/project/pdoc,2025-10-27 16:02:15.000,2025-10-27 16:02:15.000,16.0.0,114.0,717.0,1792562.0,1792562.0,,,,2.0,,,,,,,,,,,,,,,,,,,,,,,
115,doit,pydoit/doit,build-tools,CLI task management & automation tool.,,https://github.com/pydoit/doit,70.0,https://github.com/pydoit/doit,MIT,2014-02-14 22:21:23.000,2026-02-12 12:57:06.000000,187.0,92.0,2025.0,25,True,doit,conda-forge/doit,,2440.0,2298.0,https://pypi.org/project/doit,2026-02-09 07:02:10.000,2026-02-09 07:02:10.000,0.37.0,49.0,142.0,482135.0,490056.0,https://anaconda.org/conda-forge/doit,2026-02-09 22:04:00.322,602002.0,3.0,,,,,,,,,,,,,,,,,,,,,,,
116,Yappi,sumerc/yappi,profiling,"Yet Another Python Profiler, but this time multithreading, asyncio and gevent aware.",,https://github.com/sumerc/yappi,35.0,https://github.com/sumerc/yappi,MIT,2009-10-07 20:46:30.000,2026-09-07 14:36:54.541000,82.0,18.0,1713.0,25,True,yappi,conda-forge/yappi,,1844.0,1755.0,https://pypi.org/project/yappi,2026-03-17 22:30:39.000,2026-03-17 22:30:39.000,1.7.6,30.0,89.0,2776125.0,2782420.0,https://anaconda.org/conda-forge/yappi,2026-09-07 14:36:54.541,453307.0,2.0,,,,,,,,,,,,,,,,,,,,,,,
117,asv,airspeed-velocity/asv,testing,Airspeed Velocity: A simple Python benchmarking tool with web-based reporting.,,https://github.com/airspeed-velocity/asv,98.0,https://github.com/airspeed-velocity/asv,BSD-3-Clause,2013-11-07 20:43:31.000,2026-08-15 18:56:46.000000,208.0,157.0,1012.0,25,True,asv,conda-forge/asv,,2016.0,1804.0,https://pypi.org/project/asv,2026-06-27 03:12:26.000,2026-06-27 03:12:26.000,0.6.6,25.0,212.0,333786.0,354928.0,https://anaconda.org/conda-forge/asv,2026-08-11 15:59:10.755,1627945.0,3.0,,,,,,,,,,,,,,,,,,,,,,,
118,autoflake,myint/autoflake,refactoring,Removes unused imports and unused variables.,,https://www.github.com/PyCQA/autoflake,43.0,,MIT,2021-05-26 14:50:36.470,2026-08-22 20:45:12.555000,94.0,,952.0,25,True,autoflake,conda-forge/autoflake,,1484.0,,https://pypi.org/project/autoflake,2026-08-22 15:07:33.000,2026-08-22 15:07:33.000,2.4.0,64.0,1484.0,5278040.0,5288830.0,https://anaconda.org/conda-forge/autoflake,2026-08-22 20:45:12.555,701378.0,2.0,,,,,,,,,,,,,,,,,,,,,,,
119,nose2,nose-devs/nose2,testing,"The successor to nose, based on unittest2.",,https://github.com/nose-devs/nose2,86.0,https://github.com/nose-devs/nose2,BSD-2-Clause,2011-12-14 15:33:15.000,2026-03-09 17:37:19.000000,134.0,41.0,822.0,25,True,nose2,conda-forge/nose2,,27558.0,27195.0,https://pypi.org/project/nose2,2026-03-02 00:49:50.000,2026-03-02 00:49:50.000,0.16.0,35.0,363.0,523968.0,526701.0,https://anaconda.org/conda-forge/nose2,2025-04-22 14:56:50.674,276084.0,3.0,,,,,,,,,,,,,,,,,,,,,,,
120,pep8-naming,PyCQA/pep8-naming,linters,Naming Convention checker for Python.,,https://github.com/PyCQA/pep8-naming,37.0,https://github.com/PyCQA/pep8-naming,Saxpath,2013-02-09 18:32:52.000,2025-05-06 21:53:54.000000,265.0,21.0,532.0,25,False,pep8-naming,conda-forge/pep8-naming,,60685.0,59849.0,https://pypi.org/project/pep8-naming,2025-05-05 20:43:11.000,2025-05-05 20:43:11.000,0.15.1,31.0,836.0,1758283.0,1767464.0,https://anaconda.org/conda-forge/pep8-naming,2025-05-06 21:46:36.863,688607.0,2.0,,,,,,,,,,,,,,,,,,,,,,,
121,darglint,terrencepreilly/darglint,linters,A python documentation linter which checks that the docstring description matches the definition.,,https://github.com/terrencepreilly/darglint,22.0,https://github.com/terrencepreilly/darglint,MIT,2017-09-25 14:11:21.000,2025-04-22 14:57:12.196000,41.0,71.0,483.0,25,False,darglint,conda-forge/darglint,,23070.0,22780.0,https://pypi.org/project/darglint,2021-10-18 03:40:35.000,2021-10-18 03:40:35.000,1.8.1,49.0,290.0,791468.0,793209.0,https://anaconda.org/conda-forge/darglint,2025-04-22 14:57:12.196,132343.0,2.0,,,,,,,,,,,,,,,,,,,,,,,
122,numpydoc,numpy/numpydoc,documentation,Numpys Sphinx extensions.,,https://github.com/numpy/numpydoc,97.0,https://github.com/numpy/numpydoc,,2013-07-24 16:23:39.000,2026-09-25 14:56:22.000000,182.0,135.0,356.0,25,False,numpydoc,conda-forge/numpydoc,['sphinx'],4310.0,,https://pypi.org/project/numpydoc,2026-09-15 16:31:07.000,2026-09-15 16:31:07.000,1.11.0,37.0,4310.0,1225814.0,1293507.0,https://anaconda.org/conda-forge/numpydoc,2026-09-20 14:28:46.143,5212389.0,2.0,,,,,,,,,,,,,,,,,,,,,,,
123,hacking,openstack/hacking,linters,OpenStack Hacking Style Checks. Mirror of code maintained at opendev.org.,,https://github.com/openstack/hacking,191.0,https://github.com/openstack/hacking,Apache-2.0,2013-03-26 21:09:28.000,2026-06-11 11:51:40.000000,65.0,,243.0,25,True,hacking,,['flake8'],8095.0,7984.0,https://pypi.org/project/hacking,2026-06-11 11:51:40.000,2026-06-11 11:51:40.000,8.1.0,44.0,111.0,92510.0,92510.0,,,,2.0,,,,,,,,,,,,,,,,,,,,,,,
124,flake8-isort,gforcada/flake8-isort,linters,flake8 plugin that integrates isort.,,https://github.com/gforcada/flake8-isort,40.0,https://github.com/gforcada/flake8-isort,GPL-2.0,2015-09-12 19:25:34.000,2025-10-25 14:27:21.036000,198.0,2.0,183.0,25,True,flake8-isort,conda-forge/flake8-isort,['flake8'],29339.0,28710.0,https://pypi.org/project/flake8-isort,2025-10-25 13:31:06.000,2025-10-25 13:31:06.000,7.0.0,45.0,629.0,1044488.0,1045972.0,https://anaconda.org/conda-forge/flake8-isort,2025-10-25 14:27:21.036,111349.0,2.0,,,,,,,,,,,,,,,,,,,,,,,
125,flake8-quotes,zheller/flake8-quotes,linters,Flake8 extension for checking quotes in python.,,https://github.com/zheller/flake8-quotes,33.0,https://github.com/zheller/flake8-quotes,MIT,2014-03-10 00:05:08.000,2025-04-22 14:56:27.787000,39.0,11.0,178.0,25,False,flake8-quotes,conda-forge/flake8-quotes,['flake8'],24498.0,24064.0,https://pypi.org/project/flake8-quotes,2024-02-10 21:58:22.000,2024-02-10 21:58:22.000,3.4.0,42.0,434.0,1188995.0,1208184.0,https://anaconda.org/conda-forge/flake8-quotes,2025-04-22 14:56:27.787,1189760.0,2.0,,,,,,,,,,,,,,,,,,,,,,,
126,gast,serge-sans-paille/gast,ast,Python AST that abstracts the underlying Python version.,,https://github.com/serge-sans-paille/gast,13.0,https://github.com/serge-sans-paille/gast,BSD-3-Clause,2016-07-18 10:39:07.000,2025-11-30 12:53:57.736000,38.0,,146.0,25,True,gast,conda-forge/gast,,217893.0,217362.0,https://pypi.org/project/gast,2025-11-29 15:30:03.000,2025-11-29 15:30:03.000,0.7.0,24.0,531.0,12167642.0,12234467.0,https://anaconda.org/conda-forge/gast,2025-11-30 12:53:57.736,4945117.0,3.0,,,,,,,,,,,,,,,,,,,,,,,
127,sqlmap,sqlmapproject/sqlmap,security,Automatic SQL injection and database takeover tool.,,https://github.com/sqlmapproject/sqlmap,157.0,https://github.com/sqlmapproject/sqlmap,GPL-3.0,2012-06-26 09:52:15.000,2026-09-02 05:42:57.000000,6354.0,32.0,38339.0,24,True,sqlmap,,,37.0,24.0,https://pypi.org/project/sqlmap,2026-09-02 05:42:57.000,2026-09-02 05:42:57.000,1.10.9,137.0,13.0,43968.0,43968.0,,,,3.0,,,,,,,,,,,,,,,,,,,,,,,
128,pex,pantsbuild/pex,packaging,The PEX packaging toolchain.,,https://github.com/pex-tool/pex,129.0,,Apache-2.0,,2026-09-18 14:41:37.000000,321.0,,4225.0,24,True,pex,,,65.0,,https://pypi.org/project/pex,2026-09-18 14:41:37.000,2026-09-18 14:41:37.000,2.103.2,508.0,65.0,4682918.0,4682918.0,,,,2.0,,,,,,,,,,,,,,,,,,,,,,,
129,detect-secrets,Yelp/detect-secrets,security,An enterprise friendly way of detecting and preventing secrets in code.,,https://github.com/Yelp/detect-secrets,89.0,https://github.com/Yelp/detect-secrets,Apache-2.0,2017-12-05 00:38:38.000,2025-03-13 15:39:41.000000,514.0,125.0,4193.0,24,False,detect-secrets,,,95.0,,https://pypi.org/project/detect-secrets,2024-05-06 17:46:16.000,2024-05-06 17:46:16.000,1.5.0,38.0,95.0,7622207.0,7622207.0,,,,3.0,,,,,,,,,,,,,,,,,,,,,,,
130,pyupgrade,asottile/pyupgrade,refactoring,A tool (and pre-commit hook) to automatically upgrade syntax for newer versions of the language.,,https://github.com/asottile/pyupgrade,37.0,https://github.com/asottile/pyupgrade,MIT,2017-02-28 17:50:31.000,2025-11-19 02:05:13.152000,204.0,19.0,3956.0,24,True,pyupgrade,conda-forge/pyupgrade,,630.0,,https://pypi.org/project/pyupgrade,2025-11-19 00:39:46.000,2025-11-19 00:39:46.000,3.21.2,177.0,630.0,1524261.0,1537736.0,https://anaconda.org/conda-forge/pyupgrade,2025-11-19 02:05:13.152,1037613.0,2.0,,,,,,,,,,,,,,,,,,,,,,,
131,line_profiler,pyutils/line_profiler,profiling,Line-by-line profiling for Python.,,https://github.com/pyutils/line_profiler,56.0,https://github.com/pyutils/line_profiler,BSD-3-Clause,2019-12-10 22:26:33.000,2026-09-05 19:27:24.287000,135.0,55.0,3233.0,24,True,line_profiler,conda-forge/line_profiler,,405.0,,https://pypi.org/project/line_profiler,2026-02-23 23:29:45.000,2026-02-23 23:29:45.000,5.0.2,35.0,405.0,2039406.0,2121957.0,https://anaconda.org/conda-forge/line_profiler,2026-09-05 19:27:24.287,5861171.0,3.0,,,,,,,,,,,,,,,,,,,,,,,
132,prospector,PyCQA/prospector,code-metrics,Prospector is a tool to analyse Python code by aggregating the result of other tools.,,http://prospector.readthedocs.io,99.0,,GPL-2.0,2020-11-18 00:26:12.696,2026-07-16 16:30:40.568000,180.0,,2086.0,24,True,prospector,conda-forge/prospector,,5879.0,5570.0,https://pypi.org/project/prospector,2026-07-16 09:09:40.000,2026-07-16 09:09:40.000,1.19.1,147.0,309.0,289054.0,292780.0,https://anaconda.org/conda-forge/prospector,2026-07-16 16:30:40.568,264600.0,2.0,,,,,,,,,,,,,,,,,,,,,,,
133,pympler,pympler/pympler,profiling,"Development tool to measure, monitor and analyze the memory behavior of Python objects in a running Python application.",,https://github.com/pympler/pympler,31.0,https://github.com/pympler/pympler,Apache-2.0,2012-10-04 23:35:16.000,2026-07-15 21:57:15.821000,93.0,70.0,1406.0,24,True,pympler,conda-forge/pympler,,259.0,,https://pypi.org/project/pympler,2024-06-28 19:56:05.000,2021-12-22 16:55:15.000,1.0.1,18.0,259.0,6031450.0,6043637.0,https://anaconda.org/conda-forge/pympler,2026-07-15 21:57:15.821,877478.0,3.0,,,,,,,,,,,,,,,,,,,,,,,
134,pdoc3,pdoc3/pdoc,documentation,Auto-generate API documentation for Python projects.,,https://github.com/pdoc3/pdoc,69.0,https://github.com/pdoc3/pdoc,AGPL-3.0,2019-01-02 02:32:40.000,2026-09-14 23:38:46.380000,144.0,106.0,1179.0,24,True,pdoc3,anaconda/pdoc3,,5766.0,5277.0,https://pypi.org/project/pdoc3,2025-03-20 22:53:51.000,2025-03-20 22:53:51.000,0.11.6,41.0,489.0,172972.0,173012.0,https://anaconda.org/anaconda/pdoc3,2026-09-14 23:38:46.380,3330.0,3.0,,,,,,,,,,,,,,,,,,,,,,,
135,pytest-testmon,tarpas/pytest-testmon,testing,Selects tests affected by changed files. Executes the right tests first. Continuous test runner when used with pytest-..,,https://github.com/tarpas/pytest-testmon,31.0,https://github.com/tarpas/pytest-testmon,MIT,2015-02-02 14:21:10.000,2025-12-01 07:34:04.000000,81.0,38.0,1015.0,24,True,pytest-testmon,conda-forge/pytest-testmon,['pytest'],1888.0,1829.0,https://pypi.org/project/pytest-testmon,2025-12-01 07:30:23.000,2025-11-07 13:27:44.000,2.1.4,95.0,59.0,4787202.0,4789130.0,https://anaconda.org/conda-forge/pytest-testmon,2025-04-22 14:56:46.735,200575.0,3.0,,,,,,,,,,,,,,,,,,,,,,,
136,pytest-watch,joeyespo/pytest-watch,testing,Local continuous test runner with pytest and watchdog.,,https://github.com/joeyespo/pytest-watch,16.0,https://github.com/joeyespo/pytest-watch,MIT,2015-01-12 02:08:20.000,2026-09-17 19:53:10.807000,54.0,47.0,729.0,24,True,pytest-watch,conda-forge/pytest-watch,['pytest'],12272.0,11713.0,https://pypi.org/project/pytest-watch,2018-05-20 19:52:16.000,2018-05-20 19:52:16.000,4.2.0,17.0,559.0,1179250.0,1182975.0,https://anaconda.org/conda-forge/pytest-watch,2026-09-17 19:53:10.807,271974.0,3.0,,,,,,,,,,,,,,,,,,,,,,,
137,mypy-protobuf,dropbox/mypy-protobuf,linters,Generate mypy stub files from protobuf specs.,,https://github.com/nipunn1313/mypy-protobuf,41.0,,Apache-2.0,2020-11-18 06:47:20.254,2026-04-28 18:06:47.910000,81.0,,709.0,24,True,mypy-protobuf,conda-forge/mypy-protobuf,,5135.0,4833.0,https://pypi.org/project/mypy-protobuf,2026-04-28 15:56:39.000,2026-04-28 15:56:39.000,5.1.0,46.0,302.0,6555548.0,6558380.0,https://anaconda.org/conda-forge/mypy-protobuf,2026-04-28 18:06:47.910,201125.0,2.0,,,,,,,,,,,,,,,,,,,,,,,
138,pylint-django,PyCQA/pylint-django,linters,A Pylint plugin to help Pylint understand the Django web framework.,,https://github.com/pylint-dev/pylint-django,73.0,,GPL-3.0,2020-11-12 20:29:41.561,2026-07-11 15:01:52.120000,122.0,,622.0,24,True,pylint-django,conda-forge/pylint-django,['pylint'],32799.0,32615.0,https://pypi.org/project/pylint-django,2026-07-11 10:05:29.000,2026-07-11 10:05:29.000,2.8.0,59.0,184.0,1907490.0,1915601.0,https://anaconda.org/conda-forge/pylint-django,2026-07-11 15:01:52.120,575884.0,2.0,,,,,,,,,,,,,,,,,,,,,,,
139,sphinx-autobuild,executablebooks/sphinx-autobuild,documentation,"Rebuild Sphinx documentation on changes, with hot reloading in the browser.",,https://github.com/sphinx-doc/sphinx-autobuild,37.0,,MIT,2020-12-16 17:57:14.331,2025-11-04 15:27:59.755000,94.0,,602.0,24,True,sphinx-autobuild,conda-forge/sphinx-autobuild,['sphinx'],35778.0,33496.0,https://pypi.org/project/sphinx-autobuild,2025-08-25 18:44:54.000,2025-08-25 18:44:54.000,2025.8.25,25.0,2282.0,1642117.0,1650650.0,https://anaconda.org/conda-forge/sphinx-autobuild,2025-11-04 15:27:59.755,597351.0,3.0,,,,,,,,,,,,,,,,,,,,,,,
140,flake8-comprehensions,adamchainz/flake8-comprehensions,linters,A flake8 plugin to help you write better list/set/dict comprehensions.,,https://github.com/adamchainz/flake8-comprehensions,16.0,https://github.com/adamchainz/flake8-comprehensions,MIT,2016-04-05 12:15:56.000,2025-09-10 17:55:03.656000,23.0,6.0,469.0,24,False,flake8-comprehensions,conda-forge/flake8-comprehensions,['flake8'],30660.0,29879.0,https://pypi.org/project/flake8-comprehensions,2025-09-09 22:37:17.000,2025-09-09 22:37:17.000,3.17.0,42.0,781.0,1281988.0,1298907.0,https://anaconda.org/conda-forge/flake8-comprehensions,2025-09-10 17:55:03.656,1285872.0,2.0,,,,,,,,,,,,,,,,,,,,,,,
141,wasabi,ines/wasabi,logging,A lightweight console printing and formatting toolkit.,,https://github.com/explosion/wasabi,14.0,,MIT,2020-06-22 09:49:07.518,2025-04-22 14:57:01.909000,25.0,,462.0,24,False,wasabi,conda-forge/wasabi,,71490.0,71279.0,https://pypi.org/project/wasabi,2024-05-31 16:56:16.000,2024-05-31 16:56:16.000,1.1.3,42.0,211.0,20052679.0,20082469.0,https://anaconda.org/conda-forge/wasabi,2025-04-22 14:57:01.909,2264100.0,3.0,,,,,,,,,,,,,,,,,,,,,,,
142,ddt,datadriventests/ddt,testing,Data-Driven Tests for Python Unittest.,,https://github.com/datadriventests/ddt,38.0,https://github.com/datadriventests/ddt,MIT,2012-02-11 22:57:10.000,2025-04-22 14:56:33.025000,112.0,13.0,441.0,24,False,ddt,conda-forge/ddt,,6869.0,6657.0,https://pypi.org/project/ddt,2024-02-26 01:36:32.000,2024-02-26 01:36:32.000,1.7.2,34.0,212.0,973467.0,978648.0,https://anaconda.org/conda-forge/ddt,2025-04-22 14:56:33.025,253883.0,3.0,,,,,,,,,,,,,,,,,,,,,,,
143,check-manifest,mgedmin/check-manifest,linters,Tool to check the completeness of MANIFEST.in for Python packages.,,https://github.com/mgedmin/check-manifest,23.0,https://github.com/mgedmin/check-manifest,MIT,2013-03-05 15:27:20.000,2025-10-15 12:22:44.579000,37.0,23.0,292.0,24,True,check-manifest,conda-forge/check-manifest,,17398.0,12370.0,https://pypi.org/project/check-manifest,2025-10-15 11:15:46.000,,,45.0,5028.0,502896.0,506071.0,https://anaconda.org/conda-forge/check-manifest,2025-10-15 12:22:44.579,231800.0,2.0,,,,,,,,,,,,,,,,,,,,,,,
144,asteval,newville/asteval,ast,"Safe, minimalistic evaluator of python expression using ast module.",,https://github.com/lmfit/asteval,28.0,,MIT,2021-02-11 03:06:29.408,2026-08-22 18:25:53.323000,53.0,,221.0,24,True,asteval,conda-forge/asteval,,238.0,,https://pypi.org/project/asteval,2026-08-21 21:07:05.000,2026-08-21 21:07:05.000,1.0.10,45.0,238.0,5016854.0,5034021.0,https://anaconda.org/conda-forge/asteval,2026-08-22 18:25:53.323,1167407.0,3.0,,,,,,,,,,,,,,,,,,,,,,,
145,sphinx-markdown-builder,clayrisser/sphinx-markdown-builder,documentation,DISCONTINUED: sphinx builder that outputs markdown files. The active version of this project is now being maintained..,,https://github.com/clayrisser/sphinx-markdown-builder,19.0,https://github.com/clayrisser/sphinx-markdown-builder,MIT,2018-11-11 00:07:58.000,2026-08-16 06:51:36.000000,60.0,,161.0,24,True,sphinx-markdown-builder,,['sphinx'],1971.0,1697.0,https://pypi.org/project/sphinx-markdown-builder,2026-08-16 06:51:36.000,2026-08-16 06:51:36.000,0.6.11,35.0,274.0,484946.0,484946.0,,,,3.0,,,,,,,,,,,,,,,,,,,,,,,
146,pyenv,pyenv/pyenv,virtual-envs,Simple Python version management.,,https://github.com/pyenv/pyenv,491.0,https://github.com/pyenv/pyenv,MIT,2012-08-31 06:57:52.000,2025-03-18 16:18:33.000000,3145.0,78.0,41377.0,23,False,pyenv,,,24.0,24.0,https://pypi.org/project/pyenv,2019-01-12 14:49:22.000,2019-01-12 14:49:22.000,0.0.1,4.0,,40919.0,40919.0,,,,2.0,,,,,,,,,,,,,,,,,,,,,,,
147,buildbot,buildbot/buildbot,build-tools,Python-based continuous integration testing framework; your pull requests are more than welcome!.,,https://github.com/buildbot/buildbot,912.0,https://github.com/buildbot/buildbot,GPL-2.0,2010-07-06 17:56:53.000,2025-08-01 00:55:03.000000,1648.0,764.0,5376.0,23,False,buildbot,conda-forge/buildbot,,439.0,417.0,https://pypi.org/project/buildbot,2025-05-12 21:41:22.000,2025-05-12 21:41:22.000,4.3.0,146.0,22.0,19820.0,22459.0,https://anaconda.org/conda-forge/buildbot,2025-05-13 11:35:44.706,203249.0,3.0,,,,,,,,,,,,,,,,,,,,,,,
148,notifiers,liiight/notifiers,logging,The easy way to send notifications.,,https://github.com/liiight/notifiers,27.0,https://github.com/liiight/notifiers,MIT,2017-06-01 10:20:18.000,2025-05-20 18:12:25.759000,106.0,39.0,2704.0,23,False,notifiers,conda-forge/notifiers,,1423.0,1386.0,https://pypi.org/project/notifiers,2025-05-17 15:58:56.000,2025-05-17 15:58:56.000,1.3.6,34.0,37.0,350297.0,351369.0,https://anaconda.org/conda-forge/notifiers,2025-05-20 18:12:25.759,75073.0,3.0,,,,,,,,,,,,,,,,,,,,,,,
149,pdbpp,pdbpp/pdbpp,debugging,"pdb++, a drop-in replacement for pdb (the Python debugger).",,https://github.com/pdbpp/pdbpp,41.0,https://github.com/pdbpp/pdbpp,BSD-3-Clause,2017-06-11 13:42:16.000,2026-02-23 17:34:55.834000,74.0,107.0,1430.0,23,True,pdbpp,conda-forge/pdbpp,,638.0,,https://pypi.org/project/pdbpp,2026-02-23 14:23:43.000,2026-02-23 14:23:43.000,0.12.1,33.0,638.0,1250218.0,1256711.0,https://anaconda.org/conda-forge/pdbpp,2026-02-23 17:34:55.834,409081.0,3.0,,,,,,,,,,,,,,,,,,,,,,,
150,pylama,klen/pylama,linters,Code audit tool for python.,,https://github.com/klen/pylama,48.0,https://github.com/klen/pylama,MIT,2012-08-17 10:10:10.000,2024-06-21 06:45:05.000000,100.0,64.0,1045.0,23,False,pylama,,,7250.0,6921.0,https://pypi.org/project/pylama,2022-08-08 11:29:01.059,2022-08-08 11:29:01.059,8.4.1,116.0,329.0,151629.0,151629.0,,,,3.0,,,,,,,,,,,,,,,,,,,,,,,
151,astor,berkerpeksag/astor,ast,Python AST read/write.,,https://github.com/berkerpeksag/astor,35.0,https://github.com/berkerpeksag/astor,BSD-3-Clause,2012-09-19 23:02:51.000,2025-04-22 14:56:33.663000,106.0,32.0,858.0,23,False,astor,conda-forge/astor,,618.0,,https://pypi.org/project/astor,2019-12-10 01:50:33.000,2019-12-10 01:50:33.000,0.8.1,14.0,618.0,11355953.0,11489977.0,https://anaconda.org/conda-forge/astor,2025-04-22 14:56:33.663,2948528.0,3.0,,,,,,,,,,,,,,,,,,,,,,,
152,PyHamcrest,hamcrest/PyHamcrest,testing,Hamcrest matchers for Python.,,https://github.com/hamcrest/PyHamcrest,47.0,https://github.com/hamcrest/PyHamcrest,,2010-12-24 02:55:56.000,2025-04-22 14:56:22.885000,115.0,26.0,791.0,23,False,pyhamcrest,conda-forge/pyhamcrest,,43148.0,42833.0,https://pypi.org/project/pyhamcrest,2023-10-22 15:47:25.000,2023-10-22 15:47:25.000,2.1.0,25.0,315.0,2890644.0,2903573.0,https://anaconda.org/conda-forge/pyhamcrest,2025-04-22 14:56:22.885,749886.0,3.0,,,,,,,,,,,,,,,,,,,,,,,
153,interrogate,econchick/interrogate,documentation,Explain yourself! Interrogate a codebase for docstring coverage.,,https://github.com/econchick/interrogate,17.0,https://github.com/econchick/interrogate,MIT,2020-04-24 02:33:25.000,2026-01-05 21:33:55.000000,49.0,37.0,657.0,23,True,interrogate,,,9964.0,9578.0,https://pypi.org/project/interrogate,2024-04-07 22:30:44.000,2024-04-07 22:30:44.000,1.7.0,16.0,386.0,1264320.0,1264320.0,,,,3.0,,,,,,,,,,,,,,,,,,,,,,,
154,pytest-docker,avast/pytest-docker,testing,Docker-based integration tests.,,https://github.com/avast/pytest-docker,30.0,https://github.com/avast/pytest-docker,MIT,2017-03-07 04:51:13.000,2025-11-12 13:42:28.000000,77.0,21.0,477.0,23,True,pytest-docker,,['pytest'],2922.0,2768.0,https://pypi.org/project/pytest-docker,2025-11-12 13:42:18.000,2025-11-12 13:42:18.000,3.2.5,34.0,154.0,2138345.0,2138345.0,,,,3.0,,,,,,,,,,,,,,,,,,,,,,,
155,flake8-eradicate,wemake-services/flake8-eradicate,linters,Flake8 plugin to find commented out or dead code.,,https://github.com/wemake-services/flake8-eradicate,17.0,https://github.com/wemake-services/flake8-eradicate,MIT,2018-09-21 06:58:51.000,2025-04-22 14:57:50.454000,12.0,8.0,310.0,23,False,flake8-eradicate,conda-forge/flake8-eradicate,['flake8'],20556.0,20383.0,https://pypi.org/project/flake8-eradicate,2023-05-31 09:59:03.360,2023-05-31 09:59:03.360,1.5.0,16.0,173.0,641579.0,642052.0,https://anaconda.org/conda-forge/flake8-eradicate,2025-04-22 14:57:50.454,31250.0,3.0,,,,,,,,,,,,,,,,,,,,,,,
156,data-science-types,predictive-analytics-lab/data-science-types,linters,"Mypy stubs, i.e., type information, for numpy, pandas and matplotlib.",,https://github.com/wearepal/data-science-types,43.0,https://github.com/wearepal/data-science-types,Apache-2.0,2019-09-20 11:45:49.000,2025-04-22 14:57:41.763000,51.0,33.0,206.0,23,False,data-science-types,conda-forge/data-science-types,,2037.0,1943.0,https://pypi.org/project/data-science-types,2021-02-16 16:45:03.000,2021-02-16 16:47:31.000,0.2.23,26.0,94.0,40081.0,40386.0,https://anaconda.org/conda-forge/data-science-types,2025-04-22 14:57:41.763,21351.0,3.0,,,,,,,2021-02-16 17:29:00,446.0,2.0,171.0,23.0,,,,,,,,,,,wearepal/data-science-types,
157,Bpytop,aristocratos/bpytop,profiling,Linux/OSX/FreeBSD resource monitor.,,https://github.com/aristocratos/bpytop,36.0,https://github.com/aristocratos/bpytop,Apache-2.0,2020-07-01 17:41:25.000,2025-04-22 14:57:45.970000,316.0,58.0,8181.0,22,False,bpytop,conda-forge/bpytop,,249.0,248.0,https://pypi.org/project/bpytop,2021-12-22 19:23:21.000,2021-12-22 19:23:21.000,1.0.68,53.0,1.0,3519.0,3972.0,https://anaconda.org/conda-forge/bpytop,2025-04-22 14:57:45.970,30808.0,3.0,,,,,,,,,,,,,,,,,,,,,,,
158,MonkeyType,Instagram/MonkeyType,refactoring,A Python library that generates static type annotations by collecting runtime types.,,https://github.com/Instagram/MonkeyType,51.0,https://github.com/Instagram/MonkeyType,BSD-3-Clause,2017-07-11 00:19:00.000,2025-06-19 05:52:11.000000,185.0,61.0,4920.0,22,False,monkeytype,conda-forge/monkeytype,,23.0,,https://pypi.org/project/monkeytype,2023-03-20 14:10:04.829,2023-03-20 14:10:04.829,23.3.0,23.0,23.0,499450.0,501625.0,https://anaconda.org/conda-forge/monkeytype,2025-04-22 14:56:45.647,167516.0,2.0,,,,,,,,,,,,,,,,,,,,,,,
159,pybuilder,pybuilder/pybuilder,build-tools,Software build automation tool for Python.,,https://github.com/pybuilder/pybuilder,40.0,https://github.com/pybuilder/pybuilder,Apache-2.0,2012-07-23 11:38:06.000,2026-09-18 15:50:32.862000,276.0,103.0,2043.0,22,True,pybuilder,conda-forge/pybuilder,,6.0,,https://pypi.org/project/pybuilder,2026-09-13 05:07:16.000,2026-09-13 05:07:16.000,0.13.23,702.0,6.0,60619.0,68040.0,https://anaconda.org/conda-forge/pybuilder,2026-09-18 15:50:32.862,437842.0,3.0,,,,,,,,,,,,,,,,,,,,,,,
160,Diamond,python-diamond/Diamond,profiling,Diamond is a python daemon that collects system metrics and publishes them to Graphite (and others). It is capable of..,,https://github.com/python-diamond/Diamond,388.0,https://github.com/python-diamond/Diamond,MIT,2013-10-11 23:32:13.000,2024-06-29 14:21:40.000000,599.0,123.0,1761.0,22,False,diamond,,,225.0,219.0,https://pypi.org/project/diamond,2016-11-25 22:13:29.000,2016-11-25 22:13:29.000,4.0.515,36.0,6.0,4651.0,4651.0,,,,3.0,,,,,,,,,,,,,,,,,,,,,,,
161,Bowler,facebookincubator/Bowler,refactoring,Safe code refactoring for modern Python.,,https://github.com/facebookincubator/Bowler,27.0,https://github.com/facebookincubator/Bowler,MIT,2018-06-07 21:44:17.000,2025-04-22 14:56:57.175000,134.0,48.0,1607.0,22,False,bowler,conda-forge/bowler,,19.0,,https://pypi.org/project/bowler,2020-09-17 01:55:39.000,2020-09-17 01:55:39.000,0.9.0,8.0,19.0,31260.0,31544.0,https://anaconda.org/conda-forge/bowler,2025-04-22 14:56:57.175,27052.0,2.0,,,,,,,2023-01-20 18:08:14,186.0,8.0,95.0,34.0,,,,,,,,,,,,
162,cx_Freeze,marcelotduarte/cx_Freeze,packaging,Creates standalone executables from Python scripts with the same performance as the original script. It is cross-..,,https://github.com/marcelotduarte/cx_Freeze,126.0,https://github.com/marcelotduarte/cx_Freeze,,2017-01-22 04:25:52.000,2026-09-23 06:49:20.632000,241.0,43.0,1561.0,22,True,cx_freeze,conda-forge/cx_freeze,,148.0,,https://pypi.org/project/cx_freeze,2026-09-23 01:36:19.000,2026-09-23 01:36:19.000,8.7.1,120.0,148.0,107005.0,126864.0,https://anaconda.org/conda-forge/cx_freeze,2026-09-23 06:49:20.632,1529182.0,2.0,,,,,,,,,,,,,,,,,,,,,,,
163,snoop,alexmojaki/snoop,debugging,"A powerful set of Python debugging tools, based on PySnooper.",,https://github.com/alexmojaki/snoop,23.0,https://github.com/alexmojaki/snoop,MIT,2019-05-13 18:45:35.000,2026-07-18 11:47:45.000000,43.0,26.0,1457.0,22,True,snoop,conda-forge/snoop,,54.0,,https://pypi.org/project/snoop,2026-07-18 11:47:45.000,2026-07-18 11:47:45.000,0.6.1,17.0,54.0,119721.0,120067.0,https://anaconda.org/conda-forge/snoop,2025-04-22 14:58:02.750,20817.0,3.0,,,,,,,,,,,,,,,,,,,,,,,
164,wily,tonybaloney/wily,code-metrics,"A Python application for tracking, reporting on timing and complexity in Python code.",,https://github.com/tonybaloney/wily,25.0,https://github.com/tonybaloney/wily,Apache-2.0,2018-10-11 22:12:25.000,2026-04-26 09:12:52.000000,67.0,34.0,1286.0,22,True,wily,,,324.0,310.0,https://pypi.org/project/wily,2026-04-26 04:28:26.000,2023-10-11 03:48:57.000,1.25.0,53.0,14.0,82976.0,82976.0,,,,3.0,,,,,,,,,,,,,,,,,,,,,,,
165,sphinx-bootstrap-theme,ryan-roemer/sphinx-bootstrap-theme,documentation,Sphinx Bootstrap Theme.,,https://github.com/ryan-roemer/sphinx-bootstrap-theme,39.0,https://github.com/ryan-roemer/sphinx-bootstrap-theme,MIT,2011-12-07 14:53:00.000,2022-02-28 16:14:56.000000,213.0,57.0,588.0,22,False,sphinx-bootstrap-theme,,['sphinx'],275.0,,https://pypi.org/project/sphinx-bootstrap-theme,2022-02-03 20:27:24.000,2022-02-03 20:27:24.000,0.8.1,58.0,275.0,102148.0,102148.0,,,,3.0,,,,,,,,,,,,,,,,,,,,,,,
166,py2app,ronaldoussoren/py2app,packaging,py2app is a Python setuptools command which will allow you to make standalone Mac OS X application bundles and plugins..,,https://github.com/ronaldoussoren/py2app,31.0,https://github.com/ronaldoussoren/py2app,MIT,2020-01-14 11:27:41.000,2026-02-13 20:49:59.000000,45.0,223.0,422.0,22,True,py2app,,,5649.0,5607.0,https://pypi.org/project/py2app,2026-02-13 20:49:59.000,2026-02-13 20:49:59.000,0.28.10,52.0,42.0,32626.0,32626.0,,,,2.0,,,,,,,,,,,,,,,,,,,,,,,
167,pytest-datadir,gabrielcnr/pytest-datadir,testing,pytest plugin for manipulating test data directories and files.,,https://github.com/gabrielcnr/pytest-datadir,16.0,https://github.com/gabrielcnr/pytest-datadir,MIT,2015-07-02 21:41:44.000,2026-05-25 18:54:55.000000,26.0,5.0,275.0,22,True,pytest-datadir,conda-forge/pytest-datadir,['pytest'],2612.0,2339.0,https://pypi.org/project/pytest-datadir,2025-07-30 13:52:11.000,2025-07-30 13:52:11.000,1.8.0,17.0,273.0,1468788.0,1481466.0,https://anaconda.org/conda-forge/pytest-datadir,2025-07-30 22:39:32.200,608565.0,3.0,,,,,,,,,,,,,,,,,,,,,,,
168,pytest-mypy,dbader/pytest-mypy,testing,A Pytest Plugin for Mypy.,,https://github.com/realpython/pytest-mypy,16.0,,,2020-08-27 04:01:58.344,2025-04-22 14:57:21.503000,33.0,,257.0,22,False,pytest-mypy,conda-forge/pytest-mypy,['pytest'],5676.0,4893.0,https://pypi.org/project/pytest-mypy,2025-04-02 19:31:14.000,2025-04-02 19:31:14.000,1.0.1,25.0,783.0,479674.0,481470.0,https://anaconda.org/conda-forge/pytest-mypy,2025-04-22 14:57:21.503,132913.0,3.0,,,,,,,,,,,,,,,,,,,,,,,
169,flake8-commas,PyCQA/flake8-commas,linters,Flake8 extension for enforcing trailing commas in python.,,https://github.com/PyCQA/flake8-commas,15.0,https://github.com/PyCQA/flake8-commas,MIT,2015-12-16 09:25:13.000,2026-01-05 17:48:01.000000,30.0,3.0,134.0,22,True,flake8-commas,,['flake8'],19393.0,19177.0,https://pypi.org/project/flake8-commas,2024-05-16 20:07:44.000,2024-05-16 20:07:44.000,4.0.0,22.0,216.0,410610.0,410610.0,,,,3.0,,,,,,,,,,,,,,,,,,,,,,,
170,flake8-builtins,gforcada/flake8-builtins,linters,Check for python builtins being used as variables or parameters.,,https://github.com/gforcada/flake8-builtins,21.0,https://github.com/gforcada/flake8-builtins,GPL-2.0,2016-03-02 00:26:51.000,2025-10-27 19:47:11.685000,25.0,3.0,118.0,22,True,flake8-builtins,conda-forge/flake8-builtins,['flake8'],12406.0,11820.0,https://pypi.org/project/flake8-builtins,2025-10-25 13:45:56.000,2025-10-25 13:45:56.000,3.1.0,33.0,586.0,575029.0,590740.0,https://anaconda.org/conda-forge/flake8-builtins,2025-10-27 19:47:11.685,754128.0,3.0,,,,,,,,,,,,,,,,,,,,,,,
171,gdbgui,cs01/gdbgui,debugging,"Browser-based frontend to gdb (gnu debugger). Add breakpoints, view the stack, visualize data structures, and more in..",,https://github.com/cs01/gdbgui,45.0,https://github.com/cs01/gdbgui,GPL-3.0,2016-10-27 03:19:25.000,2025-06-29 22:40:49.000000,522.0,179.0,10347.0,21,False,gdbgui,,,517.0,515.0,https://pypi.org/project/gdbgui,2025-06-29 22:39:12.000,2017-01-25 18:46:20.000,0.7.2,96.0,2.0,3598.0,3598.0,,,,3.0,,,,,,,,,,,,,,,,,,,,,,,
172,PyOxidizer,indygreg/PyOxidizer,packaging,A modern Python application packaging and distribution tool.,,https://github.com/indygreg/PyOxidizer,54.0,https://github.com/indygreg/PyOxidizer,MPL-2.0,2018-12-18 23:32:13.000,2023-07-19 05:29:25.000000,204.0,324.0,4846.0,21,False,pyoxidizer,,,161.0,159.0,https://pypi.org/project/pyoxidizer,2023-01-02 16:18:55.910,2023-01-02 16:18:55.910,0.24.0,11.0,2.0,20296.0,20296.0,,,,3.0,,,,,,,,,,,,,,,,,,,,,,,
173,better-exceptions,Qix-/better-exceptions,logging,"Pretty and useful exceptions in Python, automatically.",,https://github.com/Qix-/better-exceptions,20.0,https://github.com/Qix-/better-exceptions,MIT,2017-03-12 11:23:04.000,2025-10-22 12:49:05.000000,204.0,34.0,4677.0,21,True,better-exceptions,,,102.0,,https://pypi.org/project/better-exceptions,2021-01-29 16:48:55.000,2021-01-29 16:48:55.000,0.3.3,16.0,102.0,367540.0,367540.0,,,,3.0,,,,,,,,,,,,,,,,,,,,,,,
174,rebound,shobrook/rebound,logging,Command-line tool that instantly fetches Stack Overflow results when an exception is thrown.,,https://github.com/shobrook/rebound,16.0,https://github.com/shobrook/rebound,GPL-3.0,2018-02-28 04:47:03.000,2026-09-29 18:24:35.000000,380.0,24.0,4074.0,21,True,rebound,conda-forge/rebound,,67.0,,https://pypi.org/project/rebound,2026-09-29 18:24:35.000,2026-09-29 18:24:35.000,5.2.1,238.0,67.0,30581.0,48678.0,https://anaconda.org/conda-forge/rebound,2026-07-10 14:03:18.528,1393495.0,3.0,,,,,,,,,,,,,,,,,,,,,,,
175,coala,coala/coala,linters,"coala provides a unified command-line interface for linting and fixing all your code, regardless of the programming..",,https://github.com/coala/coala,484.0,https://github.com/coala/coala,AGPL-3.0,2014-05-15 11:35:34.000,2024-02-05 04:33:35.000000,1294.0,833.0,3594.0,21,False,coala-bears,,,244.0,238.0,https://pypi.org/project/coala-bears,2023-12-02 01:06:08.134,2017-05-30 10:07:57.000,0.11.1,731.0,6.0,1009.0,1009.0,,,,3.0,,,,,,,,,,,,,,,,,,,,,,,
176,uiautomator,xiaocong/uiautomator,testing,Python wrapper of Android uiautomator test tool.,,https://github.com/xiaocong/uiautomator,13.0,https://github.com/xiaocong/uiautomator,MIT,2013-08-18 03:38:50.000,2023-02-28 00:25:02.000000,636.0,183.0,1897.0,21,False,uiautomator,,,330.0,318.0,https://pypi.org/project/uiautomator,2020-11-16 03:43:07.000,2020-11-16 03:43:07.000,1.0.2,41.0,12.0,24580.0,24580.0,,,,3.0,,,,,,,,,,,,,,,,,,,,,,,
177,stackprinter,cknd/stackprinter,logging,Debugging-friendly exceptions for Python.,,https://github.com/cknd/stackprinter,9.0,https://github.com/cknd/stackprinter,MIT,2018-09-05 10:58:47.000,2026-04-20 09:55:00.937000,42.0,14.0,1302.0,21,True,stackprinter,conda-forge/stackprinter,,511.0,457.0,https://pypi.org/project/stackprinter,2026-04-17 07:09:53.000,2026-04-17 07:09:53.000,0.2.13,22.0,54.0,339693.0,340014.0,https://anaconda.org/conda-forge/stackprinter,2026-04-20 09:55:00.937,23155.0,3.0,,,,,,,,,,,,,,,,,,,,,,,
178,py2exe,py2exe/py2exe,packaging,Create standalone Windows programs from Python code.,,https://github.com/py2exe/py2exe,25.0,https://github.com/py2exe/py2exe,MIT,2019-03-11 13:16:35.000,2026-06-21 21:24:36.000000,112.0,18.0,990.0,21,True,py2exe,,,2269.0,2257.0,https://pypi.org/project/py2exe,2026-06-21 21:24:36.000,2021-12-15 13:42:30.109,0.6.6,33.0,12.0,8355.0,8355.0,,,,3.0,,,,,,,,,,,,,,,,,,,,,,,
179,python-devtools,samuelcolvin/python-devtools,logging,Dev tools for python.,,https://github.com/samuelcolvin/python-devtools,14.0,https://github.com/samuelcolvin/python-devtools,MIT,2017-08-20 15:30:06.000,2025-04-22 14:57:50.459000,49.0,28.0,969.0,21,False,python-devtools,conda-forge/python-devtools,,9262.0,9260.0,https://pypi.org/project/python-devtools,2017-08-21 10:32:25.000,2017-08-20 20:54:53.000,0.0.1,9.0,2.0,13197.0,14147.0,https://anaconda.org/conda-forge/python-devtools,2025-04-22 14:57:50.459,62722.0,3.0,,,,,,,,,,,,,,,,,,,,,,,
180,green,CleanCut/green,testing,"Green is a clean, colorful, fast python test runner.",,https://github.com/CleanCut/green,41.0,https://github.com/CleanCut/green,MIT,2014-04-01 20:08:18.000,2026-03-02 18:18:44.792000,75.0,7.0,791.0,21,True,green,conda-forge/green,,1509.0,1383.0,https://pypi.org/project/green,2024-04-18 23:54:19.000,2024-04-18 23:54:19.000,4.0.2,149.0,126.0,15168.0,21681.0,https://anaconda.org/conda-forge/green,2026-03-02 18:18:44.792,488494.0,3.0,,,,,,,,,,,,,,,,,,,,,,,
181,redbaron,pycqa/redbaron,refactoring,Bottom-up approach to refactoring in python.,,https://github.com/pycqa/redbaron,34.0,https://github.com/pycqa/redbaron,LGPL-3.0+,2014-03-23 05:34:39.000,2022-01-29 21:54:37.000000,72.0,90.0,724.0,21,False,redbaron,,,873.0,785.0,https://pypi.org/project/redbaron,2019-03-17 18:59:01.000,2019-03-17 18:59:01.000,0.9.2,15.0,88.0,216983.0,216983.0,,,,3.0,,,,,,,,,,,,,,,,,,,,,,,
182,blacken-docs,asottile/blacken-docs,documentation,Run Black on Python code blocks in documentation files.,,https://github.com/asottile/blacken-docs,26.0,,MIT,2020-07-16 13:05:04.123,2025-09-08 21:36:16.747000,45.0,,670.0,21,False,blacken-docs,conda-forge/blacken-docs,,1752.0,1633.0,https://pypi.org/project/blacken-docs,2025-09-08 15:33:17.000,2025-09-08 15:33:17.000,1.20.0,31.0,119.0,107881.0,108788.0,https://anaconda.org/conda-forge/blacken-docs,2025-09-08 21:36:16.747,68043.0,3.0,,,,,,,,,,,,,,,,,,,,,,,
183,docformatter,myint/docformatter,formatters,Formats docstrings to follow PEP 257.,,https://github.com/PyCQA/docformatter,52.0,,,2020-09-18 07:36:09.761,2026-04-29 19:03:06.638000,87.0,,592.0,21,False,docformatter,conda-forge/docformatter,,5022.0,4614.0,https://pypi.org/project/docformatter,2026-04-28 20:34:50.000,2026-04-28 20:34:50.000,1.7.8,65.0,408.0,1296996.0,1303743.0,https://anaconda.org/conda-forge/docformatter,2026-04-29 19:03:06.638,492594.0,3.0,,,,,,,,,,,,,,,,,,,,,,,
184,Mamba Test Runner,nestorsalceda/mamba,testing,The definitive testing tool for Python. Born under the banner of Behavior Driven Development (BDD).,,https://github.com/nestorsalceda/mamba,23.0,https://github.com/nestorsalceda/mamba,MIT,2013-03-12 18:53:42.000,2023-11-09 15:34:22.000000,65.0,53.0,520.0,21,False,mamba,,,1434.0,1405.0,https://pypi.org/project/mamba,2023-11-09 15:34:22.000,2023-11-09 15:34:22.000,0.11.3,22.0,29.0,14373.0,14373.0,,,,3.0,,,,,,,,,,,,,,,,,,,,,,,
185,pytest-lazy-fixture,tvorog/pytest-lazy-fixture,testing,It helps to use fixtures in pytest.mark.parametrize.,,https://github.com/tvorog/pytest-lazy-fixture,9.0,https://github.com/tvorog/pytest-lazy-fixture,MIT,2016-09-29 23:52:48.000,2025-04-22 14:56:34.780000,30.0,23.0,379.0,21,False,pytest-lazy-fixture,conda-forge/pytest-lazy-fixture,['pytest'],3775.0,3480.0,https://pypi.org/project/pytest-lazy-fixture,2020-02-01 18:04:00.000,2020-02-01 18:04:00.000,0.6.3,12.0,295.0,424120.0,431331.0,https://anaconda.org/conda-forge/pytest-lazy-fixture,2025-04-22 14:56:34.780,822083.0,3.0,,,,,,,,,,,,,,,,,,,,,,,
186,mkdocs-with-pdf,orzih/mkdocs-with-pdf,documentation,Generate a single PDF file from MkDocs repository.,,https://github.com/orzih/mkdocs-with-pdf,6.0,https://github.com/orzih/mkdocs-with-pdf,MIT,2020-02-23 16:34:46.000,2024-05-25 03:08:01.000000,80.0,92.0,357.0,21,False,mkdocs-with-pdf,,['mkdocs'],950.0,942.0,https://pypi.org/project/mkdocs-with-pdf,2021-07-03 02:04:39.000,2021-07-03 02:04:39.000,0.9.3,28.0,8.0,164757.0,164757.0,,,,3.0,,,,,,,,,,,,,,,,,,,,,,,
187,flake8-import-order,PyCQA/flake8-import-order,linters,Flake8 plugin that checks import order against various Python Style Guides.,,https://github.com/PyCQA/flake8-import-order,50.0,https://github.com/PyCQA/flake8-import-order,LGPL-3.0,2014-03-16 12:46:09.000,2026-05-26 00:52:05.000000,73.0,14.0,281.0,21,True,flake8-import-order,conda-forge/flake8-import-order,['flake8'],654.0,,https://pypi.org/project/flake8-import-order,2025-06-24 12:47:38.000,2025-06-24 12:47:38.000,0.19.2,38.0,654.0,1534106.0,1547892.0,https://anaconda.org/conda-forge/flake8-import-order,2025-06-26 20:28:26.571,647953.0,3.0,,,,,,,,,,,,,,,,,,,,,,,
188,eradicate,myint/eradicate,refactoring,Removes commented-out code.,,https://github.com/pycqa/eradicate,17.0,,Saxpath,2021-04-19 20:24:54.437,2025-11-01 17:12:18.956000,26.0,,218.0,21,False,eradicate,conda-forge/eradicate,,17058.0,17027.0,https://pypi.org/project/eradicate,2025-10-27 07:14:29.000,2025-10-27 07:14:29.000,3.0.1,21.0,31.0,841299.0,841673.0,https://anaconda.org/conda-forge/eradicate,2025-11-01 17:12:18.956,24694.0,3.0,,,,,,,,,,,,,,,,,,,,,,,
189,flake8-black,peterjc/flake8-black,linters,flake8 plugin to run black for checking Python coding style.,,https://github.com/peterjc/flake8-black,11.0,https://github.com/peterjc/flake8-black,MIT,2019-01-10 14:40:26.000,2025-10-06 16:41:25.000000,11.0,4.0,165.0,21,True,flake8-black,conda-forge/flake8-black,['flake8'],9376.0,8834.0,https://pypi.org/project/flake8-black,2025-09-21 18:56:36.000,2025-09-21 18:56:36.000,0.4.0,22.0,542.0,431176.0,437662.0,https://anaconda.org/conda-forge/flake8-black,2025-09-22 00:17:36.193,499427.0,3.0,,,,,,,,,,,,,,,,,,,,,,,
190,mamba,mamba-org/mamba,dependency-managers,The Fast Cross-Platform Package Manager.,,https://github.com/mamba-org/mamba,189.0,https://github.com/mamba-org/mamba,BSD-3-Clause,2019-03-05 13:05:10.000,2026-09-30 10:00:20.000000,453.0,445.0,8101.0,20,True,,conda-forge/mamba,,,,,,,,186.0,,,378142.0,https://anaconda.org/conda-forge/mamba,2026-09-10 18:59:14.912,29117001.0,3.0,,,,,,,,,,,,,,,,,,,,,,,
191,PrettyErrors,onelivesleft/PrettyErrors,logging,Prettify Python exception output to make it legible.,,https://github.com/onelivesleft/PrettyErrors,5.0,https://github.com/onelivesleft/PrettyErrors,MIT,2018-11-15 16:02:27.000,2025-04-22 14:57:40.153000,87.0,13.0,2861.0,20,False,pretty_errors,conda-forge/pretty_errors,,110.0,,https://pypi.org/project/pretty_errors,2021-11-24 14:32:07.000,2021-11-24 14:32:07.000,1.2.25,48.0,110.0,161481.0,161996.0,https://anaconda.org/conda-forge/pretty_errors,2025-04-22 14:57:40.153,36600.0,3.0,,,,,,,,,,,,,,,,,,,,,,,
192,shiv,linkedin/shiv,packaging,"shiv is a command line utility for building fully self contained Python zipapps as outlined in PEP 441, but with all..",,https://github.com/linkedin/shiv,45.0,https://github.com/linkedin/shiv,BSD-2-Clause,2018-03-13 18:46:23.000,2026-01-10 12:19:00.000000,109.0,65.0,1918.0,20,True,shiv,,,29.0,,https://pypi.org/project/shiv,2024-11-01 19:47:45.000,2024-11-01 19:47:45.000,1.0.8,65.0,29.0,224563.0,224563.0,,,,3.0,,,,,,,,,,,,,,,,,,,,,,,
193,dephell,dephell/dephell,dependency-managers,"Python project management. Manage packages: convert between formats, lock, install, resolve, isolate, test, build..",,https://github.com/dephell/dephell,37.0,https://github.com/dephell/dephell,MIT,2018-08-31 17:39:18.000,2021-01-11 21:31:40.000000,116.0,107.0,1788.0,20,False,dephell,,,871.0,848.0,https://pypi.org/project/dephell,2020-04-28 06:31:03.273,2020-04-28 06:31:03.273,0.8.3,30.0,23.0,783.0,783.0,,,,3.0,,,,,,,,,,,,,,,,,,,,,,,
194,pyannotate,dropbox/pyannotate,refactoring,Auto-generate PEP-484 annotations.,,https://github.com/dropbox/pyannotate,17.0,https://github.com/dropbox/pyannotate,Apache-2.0,2017-11-13 20:18:08.000,2022-07-03 08:24:17.000000,61.0,36.0,1442.0,20,False,pyannotate,,,189.0,155.0,https://pypi.org/project/pyannotate,2019-09-16 15:37:03.000,2019-09-16 15:37:03.000,1.2.0,9.0,34.0,256860.0,256860.0,,,,3.0,,,,,,,,,,,,,,,,,,,,,,,
195,mkdocs-awesome-pages-plugin,lukasgeiter/mkdocs-awesome-pages-plugin,documentation,An MkDocs plugin that simplifies configuring page titles and their order.,,https://github.com/lukasgeiter/mkdocs-awesome-pages-plugin/,12.0,,MIT,,2024-12-22 21:13:46.000000,42.0,,623.0,20,False,mkdocs-awesome-pages-plugin,,['mkdocs'],964.0,748.0,https://pypi.org/project/mkdocs-awesome-pages-plugin,2024-12-22 21:13:46.000,2024-12-22 21:13:46.000,2.10.1,27.0,216.0,637722.0,637722.0,,,,3.0,,,,,,,,,,,,,,,,,,,,,,,
196,buildout,buildout/buildout,build-tools,Buildout is a deployment automation tool written in and extended with Python.,,https://github.com/buildout/buildout,102.0,https://github.com/buildout/buildout,ZPL-2.1,2012-03-25 21:47:18.000,2026-09-30 17:06:40.000000,177.0,122.0,618.0,20,False,zc.buildout,conda-forge/zc.buildout,,130.0,,https://pypi.org/project/zc.buildout,2026-09-30 17:06:40.000,2026-04-29 07:54:20.000,5.2.0,158.0,130.0,29886.0,31634.0,https://anaconda.org/conda-forge/zc.buildout,2025-04-22 14:58:01.521,106628.0,3.0,,,,,,,,,,,,,,,,,,,,,,,
197,mkdocs-pdf-export-plugin,zhaoterryy/mkdocs-pdf-export-plugin,documentation,An MkDocs plugin to export content pages as PDF files.,,https://github.com/zhaoterryy/mkdocs-pdf-export-plugin,12.0,https://github.com/zhaoterryy/mkdocs-pdf-export-plugin,MIT,2018-02-20 15:06:51.000,2025-10-08 08:08:12.000000,39.0,48.0,346.0,20,True,mkdocs-pdf-export-plugin,,['mkdocs'],1558.0,1540.0,https://pypi.org/project/mkdocs-pdf-export-plugin,2021-10-05 01:33:27.000,2021-10-05 01:33:27.000,0.5.10,24.0,18.0,26801.0,26801.0,,,,3.0,,,,,,,,,,,,,,,,,,,,,,,
198,baron,PyCQA/baron,refactoring,"IDE allow you to refactor code, Baron allows you to write refactoring code.",,https://github.com/PyCQA/baron,33.0,https://github.com/PyCQA/baron,LGPL-3.0,2013-03-21 12:19:00.000,2021-12-09 03:34:37.000000,50.0,57.0,302.0,20,False,baron,,,469.0,464.0,https://pypi.org/project/baron,2021-12-09 03:33:32.000,2021-12-09 03:33:32.000,0.10.1,21.0,5.0,218164.0,218164.0,,,,3.0,,,,,,,,,,,,,,,,,,,,,,,
199,xdoctest,Erotemic/xdoctest,testing,A rewrite of Pythons builtin doctest module (with pytest plugin integration) with AST instead of RegEx.,,https://github.com/Erotemic/xdoctest,14.0,https://github.com/Erotemic/xdoctest,Apache-2.0,2017-09-24 01:59:02.000,2026-03-27 03:08:44.328000,18.0,25.0,222.0,20,True,xdoctest,conda-forge/xdoctest,,261.0,,https://pypi.org/project/xdoctest,2026-03-27 01:13:23.000,2026-03-27 01:13:23.000,1.3.2,76.0,261.0,1029832.0,1033716.0,https://anaconda.org/conda-forge/xdoctest,2026-03-27 03:08:44.328,287469.0,3.0,,,,,,,,,,,,,,,,,,,,,,,conda-forge/xdoctest
200,mkdocs-print-site-plugin,timvink/mkdocs-print-site-plugin,documentation,"MkDocs Plugin that adds an additional page that combines all pages, allowing easy exports to PDF and standalone HTML.",,https://github.com/timvink/mkdocs-print-site-plugin,17.0,https://github.com/timvink/mkdocs-print-site-plugin,MIT,2020-08-15 12:02:33.000,2026-09-08 11:36:05.000000,29.0,13.0,187.0,20,True,mkdocs-print-site-plugin,,['mkdocs'],45.0,,https://pypi.org/project/mkdocs-print-site-plugin,2026-09-08 11:29:58.000,2025-05-07 07:31:00.000,2.7.3,51.0,45.0,146505.0,146505.0,,,,3.0,,,,,,,,,,,,,,,,,,,,,,,
201,flake8-bandit,tylerwince/flake8-bandit,linters,Automated security testing using bandit and flake8.,,https://github.com/tylerwince/flake8-bandit,12.0,https://github.com/tylerwince/flake8-bandit,MIT,2017-10-28 23:19:09.000,2023-09-13 06:38:29.000000,23.0,12.0,111.0,20,False,flake8-bandit,,['flake8'],210.0,,https://pypi.org/project/flake8-bandit,2022-08-29 14:28:51.025,2022-08-29 14:28:51.025,4.1.1,13.0,210.0,599259.0,599259.0,,,,3.0,,,,,,,,,,,,,,,,,,,,,,,
202,xenon,rubik/xenon,code-metrics,Monitoring tool based on radon.,,https://github.com/rubik/xenon,13.0,https://github.com/rubik/xenon,MIT,2014-02-14 14:19:20.000,2025-05-10 18:39:17.052000,4.0,1.0,81.0,20,False,xenon,conda-forge/xenon,,1976.0,1929.0,https://pypi.org/project/xenon,2024-10-21 10:27:51.000,2024-10-21 10:27:51.000,0.9.3,24.0,47.0,1075204.0,1077701.0,https://anaconda.org/conda-forge/xenon,2025-05-10 18:39:17.052,42465.0,3.0,,,,,,,,,,,,,,,,,,,,,,,
203,pytkdocs,mkdocstrings/pytkdocs,documentation,Load Python objects documentation.,,https://github.com/mkdocstrings/pytkdocs,23.0,https://github.com/mkdocstrings/pytkdocs,ISC,2020-02-04 21:18:34.000,2025-04-22 14:57:38.190000,30.0,6.0,54.0,20,False,pytkdocs,conda-forge/pytkdocs,,22.0,,https://pypi.org/project/pytkdocs,2025-03-09 17:32:40.000,2025-03-09 17:32:47.000,0.16.5,30.0,22.0,79503.0,83131.0,https://anaconda.org/conda-forge/pytkdocs,2025-04-22 14:57:38.190,261266.0,3.0,,,,,,,2025-03-09 17:32:30,258.0,1.0,45.0,101.0,,,,,,,,,,,,
204,vprof,nvdv/vprof,profiling,Visual profiler for Python.,,https://github.com/nvdv/vprof,17.0,https://github.com/nvdv/vprof,BSD-2-Clause,2015-06-29 03:59:39.000,2022-07-15 07:43:03.000000,153.0,30.0,3958.0,19,False,vprof,,,157.0,146.0,https://pypi.org/project/vprof,2020-02-29 13:31:59.000,2018-06-24 14:16:36.000,0.37.6,24.0,11.0,2670.0,2670.0,,,,3.0,,,,,,,,,,,,,,,,,,,,,,,
205,pynsist,takluyver/pynsist,packaging,Build Windows installers for Python applications.,,https://github.com/takluyver/pynsist,32.0,https://github.com/takluyver/pynsist,MIT,2014-03-30 19:11:21.000,2024-04-09 12:58:32.000000,119.0,34.0,893.0,19,False,pynsist,,,273.0,259.0,https://pypi.org/project/pynsist,2022-03-21 11:44:22.000,2020-07-03 08:11:24.000,2.5.1,22.0,14.0,3785.0,3785.0,,,,3.0,,,,,,,,,,,,,,,,,,,,,,,
206,python-hunter,ionelmc/python-hunter,debugging,Hunter is a flexible code tracing toolkit.,,https://github.com/ionelmc/python-hunter,10.0,https://github.com/ionelmc/python-hunter,BSD-2-Clause,2015-03-16 18:03:16.000,2025-11-03 14:44:40.719000,51.0,49.0,872.0,19,True,hunter,conda-forge/hunter,,17.0,,https://pypi.org/project/hunter,2025-08-22 22:11:39.000,2025-08-22 22:11:39.000,3.9.0,56.0,17.0,782874.0,786892.0,https://anaconda.org/conda-forge/hunter,2025-11-03 14:44:40.719,253154.0,3.0,,,,,,,,,,,,,,,,,,,,,,,
207,portray,timothycrosley/portray,documentation,Your Project with Great Documentation.,,https://github.com/timothycrosley/portray,20.0,https://github.com/timothycrosley/portray,MIT,2019-08-21 05:14:04.000,2023-09-19 11:00:56.000000,72.0,32.0,864.0,19,False,portray,,,893.0,871.0,https://pypi.org/project/portray,2022-12-19 09:01:00.611,2022-12-19 09:01:00.611,1.8.0,29.0,22.0,6308.0,6308.0,,,,3.0,,,,,,,,,,,,,,,,,,,,,,,
208,pycco,pycco-docs/pycco,documentation,Literate-style documentation generator.,,https://github.com/pycco-docs/pycco,36.0,https://github.com/pycco-docs/pycco,MIT,2010-06-29 07:02:31.000,2023-06-12 20:15:00.000000,146.0,35.0,844.0,19,False,pycco,,,352.0,346.0,https://pypi.org/project/pycco,2018-07-25 01:44:55.232,2018-07-25 01:44:55.232,0.6.0,11.0,6.0,2126.0,2126.0,,,,3.0,,,,,,,,,,,,,,,,,,,,,,,
209,pytest-plugins,man-group/pytest-plugins,testing,A grab-bag of nifty pytest plugins.,,https://github.com/man-group/pytest-plugins,67.0,https://github.com/man-group/pytest-plugins,MIT,2015-08-14 07:52:32.000,2026-01-28 17:36:23.000000,89.0,47.0,598.0,19,True,pytest-virtualenv,conda-forge/pytest-shutil,,73.0,,https://pypi.org/project/pytest-virtualenv,2024-11-29 19:33:49.000,2024-11-29 19:33:49.000,1.8.1,14.0,73.0,20248.0,22619.0,https://anaconda.org/conda-forge/pytest-shutil,2025-04-22 14:56:53.611,142312.0,3.0,,,,,,,,,,,,,,,,,,,,,,,
210,assertpy,ActivisionGameScience/assertpy,testing,Simple assertion library for unit testing in python with a fluent API.,,https://github.com/ActivisionGameScience/assertpy,11.0,https://github.com/ActivisionGameScience/assertpy,BSD-3-Clause,2019-11-17 15:47:15.000,2025-04-22 14:56:43.876000,75.0,,520.0,19,False,assertpy,conda-forge/assertpy,,99.0,,https://pypi.org/project/assertpy,2020-07-19 14:39:02.000,,,13.0,99.0,895374.0,896080.0,https://anaconda.org/conda-forge/assertpy,2025-04-22 14:56:43.876,52975.0,3.0,,,,,,,,,,,,,,,,,,,,,,,
211,constructor,conda/constructor,packaging,tool for creating installers from conda packages.,,https://github.com/conda/constructor,82.0,https://github.com/conda/constructor,BSD-3-Clause,2016-02-12 06:52:50.000,2026-09-25 20:55:42.546000,183.0,47.0,499.0,19,True,,constructor,,28.0,28.0,,,2026-09-25 19:49:56.000,3.17.3,62.0,,,294.0,https://anaconda.org/anaconda/constructor,2026-09-25 20:55:42.546,37716.0,3.0,,,,,,,,,,,,,,,,,,,,,,,
212,paver,paver/paver,build-tools,Python-based project scripting.,,https://github.com/paver/paver,46.0,https://github.com/paver/paver,BSD-3-Clause,2010-11-11 09:43:52.000,2025-04-22 14:56:29.275000,86.0,46.0,463.0,19,False,paver,conda-forge/paver,,13.0,,https://pypi.org/project/paver,2017-12-31 01:13:41.000,2017-12-31 01:13:41.000,1.3.4,28.0,13.0,100319.0,101442.0,https://anaconda.org/conda-forge/paver,2025-04-22 14:56:29.275,133675.0,3.0,,,,,,,,,,,,,,,,,,,,,,,
213,nitpick,andreoliwa/nitpick,linters,Enforce the same settings on multiple projects.,,https://github.com/andreoliwa/nitpick,18.0,https://github.com/andreoliwa/nitpick,MIT,2018-03-23 14:25:24.000,2025-11-30 12:15:09.000000,24.0,48.0,413.0,19,True,nitpick,,['flake8'],1398.0,1372.0,https://pypi.org/project/nitpick,2025-11-30 12:11:22.000,2025-11-30 12:11:22.000,0.38.1,38.0,26.0,6899.0,6899.0,,,,3.0,,,,,,,,,,,,,,,,,,,,,,,
214,lazydocs,ml-tooling/lazydocs,documentation,Generate markdown API documentation from Google-style Python docstring. The lazy alternative to Sphinx.,,https://github.com/ml-tooling/lazydocs,13.0,https://github.com/ml-tooling/lazydocs,MIT,2020-11-10 00:31:46.000,2025-08-28 22:06:24.000000,43.0,4.0,236.0,19,True,lazydocs,,,494.0,429.0,https://pypi.org/project/lazydocs,2021-07-27 08:05:42.000,2021-07-27 08:05:42.000,0.4.8,18.0,65.0,27897.0,27897.0,,,,3.0,,,,,,,,,,,,,,,,,,,,,,,
215,flake8-simplify,MartinThoma/flake8-simplify,linters,A flake8 plugin that helps you to simplify code.,,https://github.com/MartinThoma/flake8-simplify,16.0,https://github.com/MartinThoma/flake8-simplify,MIT,2020-09-19 16:59:41.000,2026-01-06 00:50:50.189000,23.0,55.0,195.0,19,True,flake8-simplify,conda-forge/flake8-simplify,,137.0,,https://pypi.org/project/flake8-simplify,2026-01-01 13:32:20.000,2026-01-01 13:32:20.000,0.30.0,40.0,137.0,281668.0,282805.0,https://anaconda.org/conda-forge/flake8-simplify,2026-01-06 00:50:50.189,79602.0,3.0,,,,,,,,,,,,,,,,,,,,,,,
216,releases,bitprophet/releases,documentation,A powerful Sphinx changelog-generating extension.,,https://github.com/bitprophet/releases,10.0,https://github.com/bitprophet/releases,BSD-2-Clause,2013-09-16 03:56:37.000,2025-07-28 15:33:16.000000,41.0,32.0,176.0,19,False,releases,conda-forge/sphinx-releases,['sphinx'],799.0,758.0,https://pypi.org/project/releases,2023-04-28 19:14:01.551,2023-04-28 19:14:01.551,2.1.1,37.0,41.0,20645.0,21233.0,https://anaconda.org/conda-forge/sphinx-releases,2025-04-22 14:56:50.743,59485.0,3.0,,,,,,,,,,,,,,,,,,,,,,,
217,dodgy,landscapeio/dodgy,security,Dodgy: Searches for dodgy looking lines in Python code.,,https://github.com/landscapeio/dodgy,14.0,,MIT,2016-08-11 14:42:36.022,2025-04-22 14:56:26.263000,18.0,,123.0,19,False,dodgy,conda-forge/dodgy,,3253.0,3202.0,https://pypi.org/project/dodgy,2019-12-31 16:44:58.000,2019-12-31 16:44:58.000,0.2.1,10.0,51.0,876187.0,877937.0,https://anaconda.org/conda-forge/dodgy,2025-04-22 14:56:26.263,213534.0,3.0,,,,,,,,,,,,,,,,,,,,,,,
218,mkdocs-git-revision-date-plugin,zhaoterryy/mkdocs-git-revision-date-plugin,documentation,MkDocs plugin for setting revision date from git per markdown file.,,https://github.com/zhaoterryy/mkdocs-git-revision-date-plugin,7.0,https://github.com/zhaoterryy/mkdocs-git-revision-date-plugin,MIT,2018-12-03 04:29:33.000,2023-03-28 19:19:30.000000,8.0,6.0,56.0,19,False,mkdocs-git-revision-date-plugin,,['mkdocs'],3099.0,3058.0,https://pypi.org/project/mkdocs-git-revision-date-plugin,2022-03-08 14:42:31.000,2022-03-08 14:42:31.000,0.3.2,9.0,41.0,95960.0,95960.0,,,,3.0,,,,,,,,,,,,,,,,,,,,,,,
219,pyrasite,lmacken/pyrasite,debugging,Inject code into running Python processes.,,https://github.com/lmacken/pyrasite,25.0,https://github.com/lmacken/pyrasite,GPL-3.0,2011-09-10 06:01:20.000,2017-12-21 21:09:24.000000,143.0,28.0,1766.0,18,False,pyrasite,,,75.0,75.0,https://pypi.org/project/pyrasite,2012-05-09 19:11:33.000,,,13.0,,8288.0,8288.0,,,,3.0,,,,,,,,,,,,,,,,,,,,,,,
220,sixpack,sixpack/sixpack,testing,Sixpack is a language-agnostic a/b-testing framework.,,https://github.com/sixpack/sixpack,56.0,https://github.com/sixpack/sixpack,BSD-2-Clause,2012-11-15 00:01:06.000,2022-08-21 18:43:32.000000,184.0,89.0,1762.0,18,False,sixpack,,,14.0,14.0,https://pypi.org/project/sixpack,2017-11-22 14:27:35.000,2017-11-22 14:27:35.000,2.7.0,37.0,,238.0,238.0,,,,3.0,,,,,,,,,,,,,,,,,,,,,,,
221,xar,facebookincubator/xar,packaging,executable archive format.,,https://github.com/facebookincubator/xar,44.0,https://github.com/facebookincubator/xar,BSD-3-Clause,2017-06-29 18:15:26.000,2023-12-28 22:35:49.000000,56.0,8.0,1577.0,18,False,xar,,,,,https://pypi.org/project/xar,2020-12-02 20:41:20.000,2020-12-02 20:41:20.000,20.12.2,3.0,,6690.0,6690.0,,,,3.0,,,,,,,2023-12-28 22:31:34,105.0,8.0,24.0,25.0,,,,,,,,,,,,
222,heartrate,alexmojaki/heartrate,profiling,Simple real time visualisation of the execution of a Python program.,,https://github.com/alexmojaki/heartrate,3.0,https://github.com/alexmojaki/heartrate,MIT,2019-04-24 17:02:28.000,2025-04-22 14:57:56.114000,122.0,5.0,1539.0,18,False,heartrate,conda-forge/heartrate,,76.0,73.0,https://pypi.org/project/heartrate,2021-11-13 14:58:19.000,2021-11-13 14:58:19.000,0.2.2,4.0,3.0,1091.0,1215.0,https://anaconda.org/conda-forge/heartrate,2025-04-22 14:57:56.114,7941.0,3.0,,,,,,,,,,,,,,,,,,,,,,,
223,pyflow,David-OConnor/pyflow,dependency-managers,An installation and dependency system for Python.,,https://github.com/David-OConnor/pyflow,30.0,https://github.com/David-OConnor/pyflow,MIT,2019-07-15 09:40:29.000,2025-12-30 18:35:32.000000,48.0,65.0,1335.0,18,True,pyflow,,,45.0,44.0,https://pypi.org/project/pyflow,2021-07-02 13:17:04.000,2021-07-02 13:17:04.000,0.3.1,11.0,1.0,245.0,245.0,,,,3.0,,,,,,,,,,,,,,,,,,,,,,,
224,Fixit,Instagram/Fixit,linters,Advanced Python linting framework with auto-fixes and hierarchical configuration that makes it easy to write custom..,,https://github.com/Instagram/Fixit,52.0,https://github.com/Instagram/Fixit,,2020-02-20 19:09:01.000,2025-11-12 22:19:10.000000,67.0,44.0,693.0,18,False,fixit,,,134.0,118.0,https://pypi.org/project/fixit,2025-11-12 22:19:10.000,2025-11-12 22:19:10.000,2.2.1,13.0,16.0,429777.0,429777.0,,,,3.0,,,,,,,,,,,,,,,,,,,,,,,
225,python-manhole,ionelmc/python-manhole,debugging,Debugging manhole for python applications.,,https://github.com/ionelmc/python-manhole,11.0,https://github.com/ionelmc/python-manhole,BSD-2-Clause,2013-06-26 21:49:34.000,2025-04-22 14:57:57.761000,25.0,9.0,401.0,18,False,manhole,conda-forge/manhole,,6.0,,https://pypi.org/project/manhole,2024-07-04 16:25:34.000,2024-07-04 16:25:34.000,1.8.1,24.0,6.0,815072.0,816284.0,https://anaconda.org/conda-forge/manhole,2025-04-22 14:57:57.761,76384.0,3.0,,,,,,,,,,,,,,,,,,,,,,,
226,add-trailing-comma,asottile/add-trailing-comma,refactoring,A tool (and pre-commit hook) to automatically add trailing commas to calls and literals.,,https://github.com/asottile/add-trailing-comma,11.0,https://github.com/asottile/add-trailing-comma,MIT,2017-07-10 00:55:50.000,2025-10-10 17:59:27.000000,29.0,,368.0,18,True,add-trailing-comma,,,41.0,,https://pypi.org/project/add-trailing-comma,2025-10-10 17:59:24.000,2025-10-10 17:59:24.000,4.0.0,43.0,41.0,66103.0,66103.0,,,,3.0,,,,,,,,,,,,,,,,,,,,,,,
227,pandas-vet,deppen8/pandas-vet,linters,A plugin for Flake8 that checks pandas code.,,https://github.com/deppen8/pandas-vet,14.0,https://github.com/deppen8/pandas-vet,MIT,2019-02-25 05:19:51.000,2025-04-22 14:57:04.228000,19.0,13.0,170.0,18,False,pandas-vet,conda-forge/pandas-vet,['flake8'],526.0,489.0,https://pypi.org/project/pandas-vet,2023-08-11 15:09:04.000,2023-08-11 15:09:04.000,2023.8.2,10.0,37.0,25642.0,26156.0,https://anaconda.org/conda-forge/pandas-vet,2025-04-22 14:57:04.228,28820.0,3.0,,,,,,,,,,,,,,,,,,,,,,,
228,flake8-mypy,ambv/flake8-mypy,linters,A plugin for flake8 integrating Mypy.,,https://github.com/ambv/flake8-mypy,8.0,https://github.com/ambv/flake8-mypy,MIT,2017-02-26 02:27:33.000,2020-06-19 16:51:36.000000,17.0,23.0,102.0,18,False,flake8-mypy,,['flake8'],1833.0,1778.0,https://pypi.org/project/flake8-mypy,2017-08-31 23:17:01.000,2017-08-31 23:17:01.000,17.8.0,6.0,55.0,33794.0,33794.0,,,,3.0,,,,,,,,,,,,,,,,,,,,,,,
229,autoimport,lyz-code/autoimport,formatters,Autoimport automatically fixes wrong import statements.,,https://github.com/lyz-code/autoimport,18.0,https://github.com/lyz-code/autoimport,GPL-3.0,2020-10-16 22:43:09.000,2024-10-01 16:15:26.000000,24.0,15.0,102.0,18,False,autoimport,,,14.0,,https://pypi.org/project/autoimport,2024-10-01 16:15:26.000,2024-10-01 16:15:26.000,1.6.1,44.0,14.0,56700.0,56700.0,,,,3.0,,,,,,,2024-10-01 16:13:03,569.0,,211.0,34.0,,,,,,,,,,,,
230,unify,myint/unify,refactoring,Modifies strings to all use the same quote where possible.,,https://github.com/myint/unify,5.0,https://github.com/myint/unify,MIT,2013-03-24 18:02:19.000,2025-04-22 14:57:56.214000,15.0,12.0,94.0,18,False,unify,conda-forge/unify,,1533.0,1462.0,https://pypi.org/project/unify,2019-08-07 13:46:09.000,2013-06-22 15:34:37.000,0.1.5,10.0,71.0,41981.0,42044.0,https://anaconda.org/conda-forge/unify,2025-04-22 14:57:56.214,4051.0,3.0,,,,,,2.0,,,,,,,,,,,,,,,,,
231,pylint-flask,jschaf/pylint-flask,linters,A Pylint plugin to analyze Flask applications.,,https://github.com/jschaf/pylint-flask,9.0,https://github.com/jschaf/pylint-flask,GPL-2.0,2015-06-27 20:11:12.000,2025-04-22 14:56:27.130000,9.0,9.0,64.0,18,False,pylint-flask,conda-forge/pylint-flask,['pylint'],8303.0,8297.0,https://pypi.org/project/pylint-flask,2019-01-30 19:26:02.000,,,5.0,6.0,159224.0,162656.0,https://anaconda.org/conda-forge/pylint-flask,2025-04-22 14:56:27.130,418742.0,3.0,,,,,,,,,,,,,,,,,,,,,,,
232,Profiling,what-studio/profiling,profiling,Was an interactive continuous Python profiler.,,https://github.com/what-studio/profiling,18.0,https://github.com/what-studio/profiling,BSD-3-Clause,2014-09-03 10:35:57.000,2021-12-15 15:24:47.133000,112.0,17.0,2951.0,17,False,profiling,,,82.0,80.0,https://pypi.org/project/profiling,2021-12-15 15:24:47.133,2017-06-28 06:10:16.000,0.1.3,5.0,2.0,949.0,949.0,,,,3.0,,,,,,,,,,,,,,,,,,,,,,,
233,pyheat,csurfer/pyheat,profiling,pprofile + matplotlib = Python program profiled as an awesome heatmap!.,,https://github.com/csurfer/pyheat,5.0,https://github.com/csurfer/pyheat,MIT,2017-02-04 22:56:02.000,2021-09-18 20:16:24.000000,40.0,5.0,733.0,17,False,py-heat,,,87.0,81.0,https://pypi.org/project/py-heat,2018-12-06 03:59:34.000,2018-12-06 03:59:34.000,0.0.6,6.0,6.0,2382.0,2382.0,,,,3.0,,,,,,,,,,,,,,,,,,,,,,,
234,pycycle,bndr/pycycle,linters,Tool for pinpointing circular imports in Python. Find cyclic imports in any project.,,https://github.com/bndr/pycycle,2.0,https://github.com/bndr/pycycle,MIT,2017-01-28 17:22:00.000,2022-01-15 20:44:01.000000,22.0,21.0,338.0,17,False,pycycle,,,116.0,113.0,https://pypi.org/project/pycycle,2017-02-13 18:07:58.000,2017-02-13 18:07:58.000,0.0.8,8.0,3.0,14900.0,14900.0,,,,3.0,,,,,,,,,,,,,,,,,,,,,,,
235,unimport,hakancelik96/unimport,refactoring,The ultimate linter and formatter for removing unused import statements in your code.,,https://unimport.hakancelik.dev/,16.0,,MIT,,2026-06-02 15:33:55.000000,21.0,,247.0,17,True,unimport,,,219.0,174.0,https://pypi.org/project/unimport,2026-06-02 15:33:55.000,2026-02-18 10:29:08.000,1.3.1,60.0,45.0,37017.0,37017.0,,,,3.0,,,,,,,,,,,,,,,,,,,,,,,
236,flakehell,life4/flakehell,linters,"Flake8 wrapper to make it nice, legacy-friendly, configurable.",,https://github.com/life4/flakehell,16.0,https://github.com/life4/flakehell,MIT,2019-08-06 11:37:21.000,2021-01-11 21:35:41.000000,46.0,4.0,227.0,17,False,flakehell,,['flake8'],18.0,,https://pypi.org/project/flakehell,2021-01-11 18:41:10.489,2021-01-11 18:41:10.489,0.9.0,28.0,18.0,10926.0,10926.0,,,,3.0,,,,,,,,,,,,,,,,,,,,,,,
237,dlint,dlint-py/dlint,security,Dlint is a tool for encouraging best coding practices and helping ensure Python code is secure.,,https://github.com/dlint-py/dlint,16.0,https://github.com/dlint-py/dlint,BSD-3-Clause,2020-01-08 15:53:36.000,2026-01-07 12:21:46.000000,17.0,23.0,179.0,17,True,dlint,conda-forge/dlint,,107.0,,https://pypi.org/project/dlint,2024-10-31 12:39:01.000,2024-10-31 12:39:01.000,0.16.0,19.0,107.0,55241.0,55503.0,https://anaconda.org/conda-forge/dlint,2025-04-22 14:58:04.693,15474.0,3.0,,,,,,,,,,,,,,,,,,,,,,,
238,com2ann,ilevkivskyi/com2ann,refactoring,Tool for translation type comments to type annotations in Python.,,https://github.com/ilevkivskyi/com2ann,8.0,https://github.com/ilevkivskyi/com2ann,MIT,2016-09-09 07:17:02.000,2025-06-02 23:03:18.000000,13.0,10.0,155.0,17,False,com2ann,,,105.0,103.0,https://pypi.org/project/com2ann,2021-08-21 09:01:26.000,2021-08-21 09:01:26.000,0.3.0,3.0,2.0,26018.0,26018.0,,,,3.0,,,,,,,,,,,,,,,,,,,,,,,
239,Birdseye,alexmojaki/birdseye,debugging,Graphical Python debugger which lets you easily view the values of all evaluated expressions.,,https://github.com/alexmojaki/birdseye,10.0,https://github.com/alexmojaki/birdseye,MIT,2017-07-22 18:49:20.000,2025-09-06 15:27:49.000000,73.0,21.0,1689.0,16,False,birdseye,,,9.0,,https://pypi.org/project/birdseye,2025-09-06 15:27:49.000,2025-09-06 15:27:49.000,0.10.0,42.0,9.0,2715.0,2715.0,,,,3.0,,,,,,,,,,,,,,,,,,,,,,,
240,tbvaccine,skorokithakis/tbvaccine,logging,A small utility to pretty-print Python tracebacks.,,https://github.com/skorokithakis/tbvaccine,12.0,https://github.com/skorokithakis/tbvaccine,MIT,2016-08-27 17:31:59.000,2018-12-14 18:07:29.000000,12.0,5.0,301.0,16,False,tbvaccine,,,17.0,17.0,https://pypi.org/project/tbvaccine,2018-12-14 18:07:29.000,2018-12-14 18:07:29.000,0.3.1,12.0,,8934.0,8934.0,,,,3.0,,,,,,,,,,,,,,,,,,,,,,,
241,pynt,rags/pynt,build-tools,A pynt of Python build.,,https://github.com/rags/pynt,10.0,https://github.com/rags/pynt,MIT,2012-11-17 13:12:49.000,2025-07-16 13:54:30.000000,19.0,11.0,155.0,16,False,pynt,,,131.0,130.0,https://pypi.org/project/pynt,2018-06-24 06:23:48.000,2018-06-24 06:23:48.000,0.8.2,7.0,1.0,1747.0,1747.0,,,,3.0,,,,,,,,,,,,,,,,,,,,,,,
242,pyformat,myint/pyformat,formatters,Formats Python code to follow a consistent style.,,https://github.com/myint/pyformat,3.0,https://github.com/myint/pyformat,Saxpath,2013-03-24 21:45:30.000,2024-01-01 00:20:53.000000,10.0,7.0,94.0,16,False,pyformat,,,1923.0,1915.0,https://pypi.org/project/pyformat,2024-01-01 00:20:50.000,2014-09-07 13:57:37.000,0.5.7,24.0,8.0,5063.0,5063.0,,,,3.0,,,,,,,,,,,,,,,,,,,,,,,
243,mkdocs-versioning,zayd62/mkdocs-versioning,documentation,A tool that allows for versioning sites built with mkdocs.,,https://github.com/zayd62/mkdocs-versioning,5.0,https://github.com/zayd62/mkdocs-versioning,MIT,2019-07-20 18:09:56.000,2021-08-01 15:51:53.000000,5.0,7.0,40.0,16,False,mkdocs-versioning,,['mkdocs'],186.0,186.0,https://pypi.org/project/mkdocs-versioning,2021-02-11 10:24:35.000,2021-02-11 10:24:35.000,0.4.0,6.0,,5038.0,5038.0,,,,3.0,,,,,,,2021-08-01 15:51:53,133.0,1.0,39.0,22.0,,,,,,,,,,,,
244,xxh,xxh/xxh,shell,"Bring your favorite shell wherever you go through the ssh. Xonsh shell, fish, zsh, osquery and so on.",,https://github.com/xxh/xxh,29.0,https://github.com/xxh/xxh,BSD-2-Clause,2019-11-03 12:04:13.000,2025-09-22 12:12:06.000000,116.0,30.0,5790.0,15,False,xxh-xxh,,,,,https://pypi.org/project/xxh-xxh,2024-04-06 23:52:28.000,2024-04-06 23:52:28.000,0.8.14,55.0,,864.0,864.0,,,,3.0,,,,,,,,,,,,,,,,,,,,,,,
245,reloadium,reloadware/reloadium,debugging,Hot Reloading and Profiling for Python.,,https://github.com/reloadware/reloadium,3.0,https://github.com/reloadware/reloadium,Apache-2.0,2022-01-15 03:01:41.000,2024-05-24 16:13:26.000000,63.0,35.0,2999.0,15,False,reloadium,,,,,https://pypi.org/project/reloadium,2024-05-22 15:28:18.000,2024-05-22 15:28:18.000,1.5.1,50.0,,2173.0,2173.0,,,,3.0,,,,,,,,,,,,,,,,,,,,,,,
246,pyt,python-security/pyt,security,A Static Analysis Tool for Detecting Security Vulnerabilities in Python Web Applications.,,https://github.com/python-security/pyt,22.0,https://github.com/python-security/pyt,GPL-2.0,2016-10-26 15:34:48.000,2020-12-25 03:47:37.000000,244.0,27.0,2183.0,15,False,python-taint,,,2.0,,https://pypi.org/project/python-taint,2018-11-01 16:02:04.000,2018-04-09 03:32:38.000,0.2.0,15.0,2.0,928.0,928.0,,,,3.0,,,,,,,,,,,,,,,,,,,,,,,
247,fake2db,emirozer/fake2db,testing,create custom test databases that are populated with fake data.,,https://github.com/emirozer/fake2db,18.0,https://github.com/emirozer/fake2db,GPL-2.0,2014-02-18 19:14:28.000,2021-12-15 15:44:45.608000,120.0,7.0,2148.0,15,False,fake2db,,,33.0,33.0,https://pypi.org/project/fake2db,2021-12-15 15:44:45.608,2021-12-15 15:44:45.608,0.1.0,23.0,,275.0,275.0,,,,3.0,,,,,,,,,,,,,,,,,,,,,,,
248,bellybutton,hchasestevens/bellybutton,linters,Custom Python linting through AST expressions.,,https://github.com/hchasestevens/bellybutton,7.0,https://github.com/hchasestevens/bellybutton,MIT,2018-02-17 06:31:44.000,2023-07-27 15:15:12.000000,14.0,11.0,267.0,15,False,bellybutton,,,51.0,50.0,https://pypi.org/project/bellybutton,2023-07-27 15:15:12.000,2023-07-27 15:15:12.000,0.3.2,12.0,1.0,1047.0,1047.0,,,,3.0,,,,,,,,,,,,,,,,,,,,,,,
249,cohesion,mschwager/cohesion,code-metrics,A tool for measuring Python class cohesion.,,https://github.com/mschwager/cohesion,3.0,https://github.com/mschwager/cohesion,GPL-3.0,2016-08-11 21:09:32.000,2025-04-22 14:58:04.676000,6.0,8.0,253.0,15,False,cohesion,conda-forge/cohesion,,13.0,,https://pypi.org/project/cohesion,2024-12-09 15:14:21.000,2024-12-09 15:14:21.000,1.2.0,11.0,13.0,16813.0,16938.0,https://anaconda.org/conda-forge/cohesion,2025-04-22 14:58:04.676,7391.0,3.0,,,,,,,,,,,,,,,,,,,,,,,
250,pyenv-virtualenv,pyenv/pyenv-virtualenv,virtual-envs,a pyenv plugin to manage virtualenv (a.k.a. python-virtualenv).,,https://github.com/pyenv/pyenv-virtualenv,70.0,https://github.com/pyenv/pyenv-virtualenv,MIT,2013-02-18 12:59:17.000,2024-09-18 19:08:52.000000,399.0,99.0,6314.0,14,False,,,,24.0,24.0,,,,,,,,,,,,3.0,,,,,,,,,,,,,,,,,,,,,,,
251,vex,sashahart/vex,virtual-envs,Run a command in the named virtualenv.,,https://github.com/sashahart/vex,3.0,https://github.com/sashahart/vex,MIT,2014-05-09 03:20:02.000,2019-05-10 19:21:38.000000,19.0,1.0,351.0,14,False,vex,,,37.0,34.0,https://pypi.org/project/vex,2019-05-10 19:21:38.000,2019-05-10 19:21:38.000,0.0.19,18.0,3.0,188.0,188.0,,,,3.0,,,,,,,,,,,,,,,,,,,,,,,
252,imhotep,justinabrahms/imhotep,linters,A static-analysis bot for Github.,,https://github.com/justinabrahms/imhotep,17.0,https://github.com/justinabrahms/imhotep,MIT,2012-12-17 01:26:32.000,2022-02-20 06:09:25.000000,36.0,20.0,217.0,14,False,imhotep,,,19.0,15.0,https://pypi.org/project/imhotep,2022-02-20 06:09:19.000,2022-02-20 06:09:19.000,2.0.0,10.0,4.0,25.0,25.0,,,,3.0,,,,,,,,,,,,,,,,,,,,,,,
253,pip-run,jaraco/pip-run,dependency-managers,pip-run - dynamic dependency loader for Python.,,https://github.com/jaraco/pip-run,25.0,https://github.com/jaraco/pip-run,,2016-01-25 01:59:13.000,2025-05-30 00:58:13.000000,20.0,10.0,138.0,14,False,pip-run,,,98.0,88.0,https://pypi.org/project/pip-run,2025-05-30 00:58:13.000,2025-05-30 00:58:13.000,16.1.0,72.0,10.0,7533.0,7533.0,,,,3.0,,,,,,,,,,,,,,,,,,,,,,,
254,lintlang,hermes-labs-ai/lintlang,linters,"Static analysis for AI agent configs, tool descriptions, and system prompts catches vague tool descriptions, missing..",,https://github.com/hermes-labs-ai/lintlang,9.0,https://github.com/hermes-labs-ai/lintlang,Apache-2.0,2026-03-02 14:47:43.292,2026-09-30 00:55:59.000000,12.0,4.0,126.0,14,True,lintlang,,,,,https://pypi.org/project/lintlang,2026-09-30 00:55:59.000,2026-09-30 00:55:59.000,0.8.2,21.0,,1600.0,1600.0,,,,3.0,,,,,,,,,,,,,,,,,,,,,,,
255,massedit,elmotec/massedit,refactoring,Programmatically edit text files with Python. Useful for source to source transformations.,,https://github.com/elmotec/massedit,9.0,https://github.com/elmotec/massedit,MIT,2012-03-11 16:18:30.000,2025-09-21 21:50:29.000000,14.0,1.0,116.0,14,False,massedit,,,57.0,54.0,https://pypi.org/project/massedit,2025-09-21 21:30:16.000,2025-09-21 21:30:16.000,0.71.0,17.0,3.0,688.0,688.0,,,,3.0,,,,,,,,,,,,,,,,,,,,,,,
256,pytest-play,pytest-dev/pytest-play,testing,pytest plugin that let you automate actions and assertions with test metrics reporting executing plain YAML files.,,https://github.com/pytest-dev/pytest-play,3.0,https://github.com/pytest-dev/pytest-play,Apache-2.0,2017-12-14 09:08:26.000,2019-08-20 15:57:27.000000,4.0,5.0,73.0,14,False,pytest-play,,['pytest'],10.0,,https://pypi.org/project/pytest-play,2019-06-12 11:59:29.000,2019-06-12 11:59:29.000,2.3.1,23.0,10.0,1860.0,1860.0,,,,3.0,,,,,,,,,,,,,,,,,,,,,,,
257,retype,ambv/retype,refactoring,Re-apply type annotations from .pyi stubs to your codebase.,,https://github.com/ambv/retype,9.0,https://github.com/ambv/retype,MIT,2017-03-11 07:54:58.000,2025-04-22 14:56:45.636000,18.0,1.0,142.0,13,False,retype,conda-forge/retype,,4.0,,https://pypi.org/project/retype,2022-08-14 07:10:00.969,2022-08-14 07:10:00.969,22.8.0,12.0,4.0,1110.0,2035.0,https://anaconda.org/conda-forge/retype,2025-04-22 14:56:45.636,66606.0,3.0,,,,,,,,,,,,,,,,,,,,,,,
258,pep8ify,spulec/pep8ify,refactoring,A library that modifies python source code to conform to pep8.,,https://github.com/spulec/pep8ify,6.0,https://github.com/spulec/pep8ify,Apache-2.0,2012-06-03 03:31:33.000,2019-03-08 03:06:14.000000,12.0,7.0,118.0,13,False,pep8ify,,,68.0,68.0,https://pypi.org/project/pep8ify,2014-10-24 20:36:57.000,2014-10-24 20:36:57.000,0.0.13,13.0,,91.0,91.0,,,,3.0,,,,,,,,,,,,,,,,,,,,,,,
259,yala,cemsbr/yala,linters,Yet Another Linter Aggregator.,,https://github.com/cemsbr/yala,4.0,https://github.com/cemsbr/yala,MIT,2017-06-02 22:45:50.000,2023-01-30 07:52:09.000000,5.0,1.0,14.0,13,False,yala,,"['flake8', 'pylint']",69.0,59.0,https://pypi.org/project/yala,2021-11-15 05:05:38.000,2023-01-30 07:35:02.100,3.2.0,29.0,10.0,1077.0,1077.0,,,,3.0,,,,,,,,,,,,,,,,,,,,,,,
260,pyenv-installer,pyenv/pyenv-installer,virtual-envs,This tool is used to install `pyenv` and friends.,,https://github.com/pyenv/pyenv-installer,43.0,https://github.com/pyenv/pyenv-installer,MIT,2013-06-01 03:48:07.000,2024-04-21 19:06:48.000000,423.0,3.0,3900.0,12,False,,,,,,,,,,,,,,,,,3.0,,,,,,,,,,,,,,,,,,,,,,,
261,subpar,google/subpar,packaging,Subpar is a utility for creating self-contained python executables. It is designed to work well with Bazel.,,https://github.com/google/subpar,16.0,https://github.com/google/subpar,Apache-2.0,2016-08-03 20:11:35.000,2022-12-27 14:53:53.000000,71.0,44.0,571.0,12,False,,,,,,,,2019-05-14 20:14:05.000,2.0.0,5.0,,,,,,,3.0,,,,,,,2022-12-19 19:23:19,95.0,2.0,75.0,30.0,,,,,,,,,,,,
262,linty_fresh,lyft/linty_fresh,linters,Surface lint errors during code review.,,https://github.com/lyft/linty_fresh,18.0,https://github.com/lyft/linty_fresh,Apache-2.0,2015-12-19 02:37:26.000,2023-06-23 23:37:25.000000,27.0,9.0,184.0,12,False,linty-fresh,,"['flake8', 'mypy']",,,https://pypi.org/project/linty-fresh,2018-12-12 19:47:05.000,2018-12-12 19:47:05.000,0.7.0,10.0,,54.0,54.0,,,,3.0,,,,,,,,,,,,,,,,,,,,,,,
263,pyship,jamesabel/pyship,packaging,pyship - ship Python desktop apps to end users.,,https://github.com/jamesabel/pyship,2.0,https://github.com/jamesabel/pyship,MIT,2020-04-23 04:45:03.000,2026-07-19 22:30:31.000000,3.0,4.0,45.0,12,False,pyship,,,13.0,13.0,https://pypi.org/project/pyship,2026-07-19 22:30:31.000,2026-07-19 22:30:31.000,0.7.5,36.0,,105.0,105.0,,,,3.0,,,,,,,,,,,,,,,,,,,,,,,
264,universal-build,ml-tooling/universal-build,build-tools,Universal build utilities for containerized build pipelines.,,https://github.com/ml-tooling/universal-build,5.0,https://github.com/ml-tooling/universal-build,MIT,2020-10-19 14:57:21.000,2022-11-09 08:14:25.000000,8.0,1.0,25.0,12,True,universal-build,,,7.0,,https://pypi.org/project/universal-build,2021-11-16 23:08:45.000,2021-11-16 23:08:45.000,0.6.18,40.0,7.0,104.0,104.0,,,,3.0,,,,,,,,,,,,,,,,,,,,,,,
265,livepython,agermanidis/livepython,profiling,Visually trace Python code in real-time.,,https://github.com/agermanidis/livepython,3.0,https://github.com/agermanidis/livepython,MIT,2017-10-03 00:19:59.000,2019-01-22 17:39:55.000000,169.0,11.0,2566.0,11,False,,,,,,,,,,,,,,,,,3.0,,,,,,,,,,,,,,,,,,,,,,,
266,dh-virtualenv,spotify/dh-virtualenv,virtual-envs,Python virtualenvs in Debian packages.,,https://github.com/spotify/dh-virtualenv,61.0,https://github.com/spotify/dh-virtualenv,GPL-2.0,2013-10-09 19:03:43.000,2024-04-27 01:41:37.000000,185.0,40.0,1625.0,11,False,,,,,,,,,,,,,,,,,3.0,,,,,,,,,,,,,,,,,,,,,,,
267,freshenv,raiyanyahya/freshenv,virtual-envs,"Provision, share, manage local and cloud developer environments.",,https://github.com/raiyanyahya/freshenv,3.0,https://github.com/raiyanyahya/freshenv,MPL-2.0,2021-12-19 21:38:32.000,2023-02-03 19:03:46.000000,3.0,2.0,154.0,11,False,freshenv,raiyanyahya/freshenv,,2.0,2.0,https://pypi.org/project/freshenv,2022-11-06 21:28:09.190,2022-11-06 21:28:09.190,3.0.2,43.0,,71.0,71.0,https://anaconda.org/raiyanyahya/freshenv,,,3.0,,,,,,,,,,,,,,,,,,,,,,,
268,pipenv-pipes,gtalarico/pipenv-pipes,virtual-envs,A PipEnv Environment Switcher.,,https://github.com/gtalarico/pipenv-pipes,5.0,https://github.com/gtalarico/pipenv-pipes,MIT,2018-05-02 03:56:41.000,2019-06-27 03:42:49.000000,11.0,7.0,126.0,10,False,pipenv-pipes,,,,,https://pypi.org/project/pipenv-pipes,2018-11-08 03:05:43.000,2018-11-08 03:05:43.000,0.7.1,25.0,,91.0,91.0,,,,3.0,,,,,,,,,,,,,,,,,,,,,,,
